Country Name,Country Code,Indicator Name,Indicator Code,2000,2001,2002,2003,2004,2005,2006,2007,2008,2009,2010,2011,2012,2013,2014,2015,2016,2017,2018,2019,2020,2021
Aruba,ABW,"Current account balance (BoP, current US$)",BN.CAB.XOKA.CD,207145251.4,308759776.5,-340251396.6,-165553072.6,270888268.2,104963491.3,310555693.7,258268156.4,111731.8436,171675977.7,-460111731.8,-260558659.2,90837988.83,-331240424.6,-135498655.9,110690101.7,135986923.9,29520988.72,-14737534.26,84796821.76,-316455500,79257066.71
Africa Eastern and Southern,AFE,"Current account balance (BoP, current US$)",BN.CAB.XOKA.CD,,,,,,,,,,,,,,,,,,,,,,
Afghanistan,AFG,"Current account balance (BoP, current US$)",BN.CAB.XOKA.CD,,,,,,,,,-238376258.6,277627586.2,-577708206.8,-2246921171,-5150161881,-5095040597,-3232893168,-4192816423,-2708462935,-3554897942,-3896837604,-3791935256,-3136733353,
Africa Western and Central,AFW,"Current account balance (BoP, current US$)",BN.CAB.XOKA.CD,,,,,,,,,,,,,,,,,,,,,,
Angola,AGO,"Current account balance (BoP, current US$)",BN.CAB.XOKA.CD,795650000,-1430930000,-150093385.3,-719558880.5,681237662,5137882651,10689818936,10581250705,7194246953,-7571651746,7505954235,13084636207,13841185161,8145070112,-3747517596,-10272841903,-3085195463,-632867147.9,7402606519,5137394880,871917831.3,8399451649
Albania,ALB,"Current account balance (BoP, current US$)",BN.CAB.XOKA.CD,-156300000,-217400000,-407520000,-406814698.3,-357925427.3,-571475353.7,-670904254.7,-1150813004,-2013166061,-1852457562,-1355598479,-1667175109,-1256644800,-1184891052,-1425385680,-979825099.4,-900363040.5,-982237928.3,-1016226360,-1218856027,-1314583006,-1369694859
Andorra,AND,"Current account balance (BoP, current US$)",BN.CAB.XOKA.CD,,,,,,,,,,,,,,,,,,,,568257241.8,448869294.4,
Arab World,ARB,"Current account balance (BoP, current US$)",BN.CAB.XOKA.CD,,,,,,,,,,,,,,,,,,,,,,
United Arab Emirates,ARE,"Current account balance (BoP, current US$)",BN.CAB.XOKA.CD,,,,,,,,,,,,,,,,,,,,,,
Argentina,ARG,"Current account balance (BoP, current US$)",BN.CAB.XOKA.CD,-8980617893,-3780423241,8766610000,8139930000,3211790000,5273750000,6498802520,6048537893,5421206329,7254115684,-1622995871,-5340181192,-2138040360,-13124373786,-9179026267,-17621985168,-15104786525,-31151351751,-27083606451,-3492479581,3120746311,6707548185
Armenia,ARM,"Current account balance (BoP, current US$)",BN.CAB.XOKA.CD,-301667882.5,-221164164.3,-147810525.6,-173510013.1,-78841446.25,-123899753.9,-152931434.5,-677270882.4,-1658884234,-1425501011,-1261431338,-1058869760,-1057931945,-813673760.5,-901811470.9,-280909482.7,-100882015.8,-173931156.4,-924336380.4,-996978464.7,-477810649.7,-515126323.6
American Samoa,ASM,"Current account balance (BoP, current US$)",BN.CAB.XOKA.CD,,,,,,,,,,,,,,,,,,,,,,
Antigua and Barbuda,ATG,"Current account balance (BoP, current US$)",BN.CAB.XOKA.CD,-66773349.63,-56894814.81,-82406382.96,-97559289.26,-95101379.26,-171492877,-291763385.6,-385514557.4,-359171367.4,-169024819.3,-167107016.3,-117692907.8,-166821254.1,-204399948.9,3332296.25,29558778.17,-35264005.63,-117993531.5,-233662350.6,-126907263.7,-251556428.2,-220870946.6
Australia,AUS,"Current account balance (BoP, current US$)",BN.CAB.XOKA.CD,-15487273891,-7986938465,-16002234756,-29307731701,-41286950910,-43342943310,-45318593060,-64163007802,-52121667002,-48898407699,-44714246092,-44431156054,-64482910032,-51314570187,-45400874920,-56958711795,-41185888416,-36063498746,-29892362780,7658429875,35600872826,56260946221
Austria,AUT,"Current account balance (BoP, current US$)",BN.CAB.XOKA.CD,,,,,,6232945527,10993883347,14749054069,19299052402,10303724796,11472431144,6798975982,6141933077,8379185905,10589968448,6634070795,10771582681,5650780664,4379291489,10635667873,12896713732,1626883167
Azerbaijan,AZE,"Current account balance (BoP, current US$)",BN.CAB.XOKA.CD,-167773000,-51755000,-768373000,-2020854000,-2589213000,167315000,3707605000,9018885000,16452805000,10174876000,15040436000,17144935000,14975987000,12231737000,10208803000,-222495000,-1363404000,1684559000,6051077000,4364886019,-227568000,8291580000
Burundi,BDI,"Current account balance (BoP, current US$)",BN.CAB.XOKA.CD,-50162533.19,-36713166.28,-3284988.168,-23902939.17,-32368607.5,-5698160.233,-133539415.1,-111307028.9,-259356226.2,-161180586.8,-300982004.2,-283583270.3,-261157248.5,-258429277.2,-395077162,-373243823.1,-339695286.8,-373388923.3,-362644693.9,,,
Belgium,BEL,"Current account balance (BoP, current US$)",BN.CAB.XOKA.CD,,,11622181453,10806024031,11434413830,7700999845,7553988246,7043546782,-4300219761,8777353551,7337927601,-10168977415,-413616611.6,5078944280,4041465919,6363243452,2646800223,3518201465,-4743198690,507274955.7,5701996357,2917096932
Benin,BEN,"Current account balance (BoP, current US$)",BN.CAB.XOKA.CD,-80783378.75,-74992412.6,-156932556.3,-331950912.9,-289010635.8,-226174696.2,-217198381.2,-534763829,-538190533,-651546427.8,-530854983.7,-516838833.5,-576935937.9,-673366862.3,-885799913.3,-679200532.3,-354241236,-531029511.4,-648824804.9,-575592817.8,-273966712.9,
Burkina Faso,BFA,"Current account balance (BoP, current US$)",BN.CAB.XOKA.CD,,,,,,-634569356.7,-543935799.6,-560735672.5,-967031300.3,-381568168.1,-181624984.1,-160392828.5,-162293548.7,-1345544009,-998954284.1,-895400077.2,-780222104.3,-896284716.2,-664796659.4,-523837226.3,743231869.9,
Bangladesh,BGD,"Current account balance (BoP, current US$)",BN.CAB.XOKA.CD,-305831650.6,-535424727.7,739250272,131637632,-278679383.7,-173741536,1196063083,856792635,926185438.6,3556126394,2108502537,-161842538.7,2575500681,2058473420,755790761.7,2579621009,931393868,-5984992476,-7095172568,-2948537075,1192771686,-15563232438
Bulgaria,BGR,"Current account balance (BoP, current US$)",BN.CAB.XOKA.CD,-703685705.9,-804648255.4,-319039031.1,-1022155147,-1671124320,-3346998840,-5863231595,-11437006354,-11875334885,-4256328503,-964620000,272490000,-528620000,678640000,747230000,-123190000,1560850000,1987340000,559360000,1263580000,-31190000,-373660000
Bahrain,BHR,"Current account balance (BoP, current US$)",BN.CAB.XOKA.CD,830185016.5,225932635.8,-49630835.44,200443477.6,471578624.3,1474202077,2187449379,2906574540,2256886835,559975548.8,770071855.5,3247340426,2577976351,2409721033,1523251103,-752110737.1,-1492819149,-1599760638,-2434574468,,,
"Bahamas, The",BHS,"Current account balance (BoP, current US$)",BN.CAB.XOKA.CD,-632943000,-644960000,-423317708.7,-473510000,-307120000,-700637472.1,-1403710000,-1315098059,-1222077999,-808980000,-814043000,-1203144000,-1504802400,-1493926000,-1885283211,-1203165343,-710785521.6,-1574646044,-1115273821,-345480921.3,-2373378880,-2592015380
Bosnia and Herzegovina,BIH,"Current account balance (BoP, current US$)",BN.CAB.XOKA.CD,-395690107.6,-742835136.6,-1190656336,-1631046470,-1639327352,-1844398186,-998104072,-1450133147,-2643834901,-1135255485,-1030658645,-1767324081,-1485969669,-968193561.1,-1364226227,-826025436.5,-804268044.3,-875777451,-661764108.3,-531916721.8,-658601018.3,-557887271.5
Belarus,BLR,"Current account balance (BoP, current US$)",BN.CAB.XOKA.CD,-459100000,-528800000,-325700000,-456100000,-1191900000,458600000,-1387900000,-3012500000,-4958600000,-6132600000,-8280200000,-5052500000,-1862200000,-7567300000,-5227700000,-1831100000,-1611800000,-952400000,22900000,-1245800000,-178400000,2153187590
Belize,BLZ,"Current account balance (BoP, current US$)",BN.CAB.XOKA.CD,-161571589.1,-190365259.8,-165323926.7,-184286483.1,-154923751,-151221160.5,-25383981.6,-52089996.96,-144877244.4,-82838728.49,-45736663.04,-19948868.14,-33113119.85,-72586237.49,-135861423.2,-174735548.4,-163456303.4,-158035030.3,-150794400,-184645704.7,-127919787.2,-162434323.3
Bermuda,BMU,"Current account balance (BoP, current US$)",BN.CAB.XOKA.CD,,,,,,,1252390000,1216066497,906745097.5,581361176.9,695959070.3,867596774.6,926988024.8,840649668.3,817577700.8,942896167.1,845986384.6,940200101.7,888947064.5,838701046.1,853849630.4,1014879598
Bolivia,BOL,"Current account balance (BoP, current US$)",BN.CAB.XOKA.CD,-446349904,-274011530,-351932880.9,75594887.42,337499451.3,622439173.9,1317472317,1591246147,1992699061,813540000,873745670.1,537204935.3,1970039110,1053982417,566230700.6,-1936209393,-1907244255,-1898241784,-1724978181,-1366094867,-269455782.6,802112166.2
Brazil,BRA,"Current account balance (BoP, current US$)",BN.CAB.XOKA.CD,-24959637226,-23718998373,-8142452111,3587580694,11092621844,13843345902,13088985364,424588905.2,-30935370935,-26428858087,-79236962043,-76487827897,-84431604206,-79990353272,-1.02E+11,-54789099328,-24475243915,-22033285756,-51456772517,-65029905180,-24491770540,-27925426465
Barbados,BRB,"Current account balance (BoP, current US$)",BN.CAB.XOKA.CD,-102185303.2,-111242365.7,-144795834.5,-188204341.5,-437235618.9,-495742535.7,-442370494.2,-347371226.1,-431911348.8,-381050945.4,-272352980.3,-173611506.8,-448497185.1,-252485397.9,-645562541.2,-98732451.68,-452390305.2,-296395807,,,,
Brunei Darussalam,BRN,"Current account balance (BoP, current US$)",BN.CAB.XOKA.CD,,1951316868,1755703212,2484083056,2882181879,4032630649,5229408432,4828377152,6938901524,3977383595,5016203728,6430078161,5683735283,3778236925,5250594000,2156649812,1469939558,1984437362,939946758,893758524.4,513713114.6,1570169313
Bhutan,BTN,"Current account balance (BoP, current US$)",BN.CAB.XOKA.CD,,,,,,,-37902200.9,84937868.85,-112487375.5,-65940668.75,-323097108.1,-526214663.8,-377036786.3,-472191887.7,-490282016.2,-548326099.4,-622690306,-540419849.6,-478153519.9,-500801565.7,-381152580.9,-321534822.5
Botswana,BWA,"Current account balance (BoP, current US$)",BN.CAB.XOKA.CD,545147749.1,595211329.6,263353892,716788889.5,316806216,1597510498,1950580299,1654312720,149529674.4,-648182389,-744133493.8,-131913618.1,-820817535.5,646614169.1,1713317042,301219213.7,1202538243,899603267.6,66926398.92,-1154933120,-1291995442,-122877048.5
Central African Republic,CAF,"Current account balance (BoP, current US$)",BN.CAB.XOKA.CD,,,,,,,,,,,,,,,,,,,,,,
Canada,CAN,"Current account balance (BoP, current US$)",BN.CAB.XOKA.CD,18494424439,15757824511,12512912205,10432942307,23235547976,21933097496,17990236971,11050809836,3177944944,-40775263976,-58162670440,-49746988787,-64582432569,-58110120945,-41873919952,-54695520050,-47262580270,-46235966236,-41150336771,-35434008480,-29215726799,826661744.2
Central Europe and the Baltics,CEB,"Current account balance (BoP, current US$)",BN.CAB.XOKA.CD,,,,,,,,,,,,,,,,,,,,,,
Switzerland,CHE,"Current account balance (BoP, current US$)",BN.CAB.XOKA.CD,29288780969,19103243196,21256501853,39074498538,50439617364,47532417798,55133415012,40831622534,7524476801,32421182040,78049933455,44465235712,60935775785,67846358374,49891177141,61630612275,50054111399,37152296363,36640627136,30805804824,11066724430,59159320449
Channel Islands,CHI,"Current account balance (BoP, current US$)",BN.CAB.XOKA.CD,,,,,,,,,,,,,,,,,,,,,,
Chile,CHL,"Current account balance (BoP, current US$)",BN.CAB.XOKA.CD,-897526442.9,-1100127919,-580075885,-222193545.4,2821176352,1824625141,7004224398,7423002524,-6698524205,3220017296,3068788709,-6833478451,-14228392010,-13248567562,-8981588319,-6631182622,-6534477430,-7615781653,-13265293208,-14505468954,-4283499707,-20306986062
China,CHN,"Current account balance (BoP, current US$)",BN.CAB.XOKA.CD,20518382000,17401000000,35421997980,43051582861,68940960689,1.32E+11,2.32E+11,3.53E+11,4.21E+11,2.43E+11,2.38E+11,1.36E+11,2.15E+11,1.48E+11,2.36E+11,2.93E+11,1.91E+11,1.89E+11,24130909184,1.03E+11,2.49E+11,3.17E+11
Cote d'Ivoire,CIV,"Current account balance (BoP, current US$)",BN.CAB.XOKA.CD,,,,,,39690446.81,479390726.8,-139224344.6,453391411.4,1624099252,464985734.7,2666211855,-320534296.1,-632903985.2,510714255.8,-201372902.1,-414272956.2,-1049091689,-2284501507,-1348827420,-1974306753,
Cameroon,CMR,"Current account balance (BoP, current US$)",BN.CAB.XOKA.CD,-218400391.2,-347657566.8,-439310637.8,-597885392.1,-416181816.1,-495561604.2,193518455.4,286074705.4,-451560496.2,-1123176668,-857140093.1,-749196879.8,-955933681,-1128087432,-1401974732,-1173691255,-1037444249,-949763043.4,-1409334284,-1695070703,-1512407004,-1795037540
"Congo, Dem. Rep.",COD,"Current account balance (BoP, current US$)",BN.CAB.XOKA.CD,,,,,,-388600000,47800000,527000000,-151000000,-1123100000,-2173500000,-1280602281,-1260461518,-3108803236,-1722614687,-1483759412,-1504159532,-1241424116,-1672321587,-1693232061,-1052131626,-587406970.4
"Congo, Rep.",COG,"Current account balance (BoP, current US$)",BN.CAB.XOKA.CD,649747700.6,-28449024.61,-34613726.66,521643977.6,675657696.2,695863785.2,124228209.5,-2107868629,869277946.2,-1371282200,901208914.6,2073140263,2421258746,1936952275,679779275.5,-4630571434,-3596012164,,,1632374163,1440630928,
Colombia,COL,"Current account balance (BoP, current US$)",BN.CAB.XOKA.CD,845404083.1,-1040314752,-1289193776,-911997622.4,-774546542.9,-1947743523,-2991011803,-6149613557,-6497270737,-4433005420,-8583011648,-9734499320,-11639998930,-12365127742,-19818544018,-18702227285,-12586559420,-9924358408,-14040948615,-14807627892,-9346886532,-17621421353
Comoros,COM,"Current account balance (BoP, current US$)",BN.CAB.XOKA.CD,,,,-18440042.76,-20735592.73,-26850846.45,-22538506.48,-31618920.99,-68992132.62,-39385082.47,-39335660.75,-55499670.63,-41138657.38,,-43458200.05,-2477534.17,-44044054.74,-22971469.91,-33669717.25,-39814004.51,-22048125.77,6144964.801
Cabo Verde,CPV,"Current account balance (BoP, current US$)",BN.CAB.XOKA.CD,-60148009.93,-55742978.43,-71449519.8,-90479472.09,-130079767.7,-40659725.66,-82729932.59,-198162898.9,-205256847.4,-244926653.8,-222769238.2,-304537748.9,-243559056.4,-107358950.8,-168960587.7,-50593257.5,-64135178.53,-139634461.9,-99844604.85,6476986.908,-284108573.4,-256180558.3
Costa Rica,CRI,"Current account balance (BoP, current US$)",BN.CAB.XOKA.CD,-684555193.4,-514265066.2,-860075342.2,-899691788.4,-675040285.8,-860047056.6,-938716203.6,-1498808913,-2580547378,-560580957.6,-1213874254,-2265057621,-2411089981,-2431168563,-2453096345,-1921262983,-1257276124,-2188723948,-1867318664,-826158285.1,-638741282,-2135735614
Caribbean small states,CSS,"Current account balance (BoP, current US$)",BN.CAB.XOKA.CD,,,,,,,,,,,,,,,,,,,,,,
Cuba,CUB,"Current account balance (BoP, current US$)",BN.CAB.XOKA.CD,,,,,,,,,,,,,,,,,,,,,,
Curacao,CUW,"Current account balance (BoP, current US$)",BN.CAB.XOKA.CD,,,,,,,,,,,,-879497206.7,-895046927.4,-764134078.2,-505815642.5,-519340782.1,-585240223.5,-679733544,-812735461,-540730927.6,-688805316.7,-596437354.8
Cayman Islands,CYM,"Current account balance (BoP, current US$)",BN.CAB.XOKA.CD,,,,,,,,,,,,,,,,,-706577023.5,-871502935.2,-927543580.3,-646842638.5,-763555773,
Cyprus,CYP,"Current account balance (BoP, current US$)",BN.CAB.XOKA.CD,-488055775.3,-322248391.4,-379165886.4,-292062579.5,-826757519.2,-970855828.8,-1278222531,-1830417731,-4021890151,-1737607776,-2798526226,-606475259.5,-998425002.4,-349870669.4,-957946474.9,-83510340.24,-863601462.2,-1134426375,-975767835,-1444504539,-2522911146,-1957375885
Czechia,CZE,"Current account balance (BoP, current US$)",BN.CAB.XOKA.CD,-2689755314,-3272573494,-4264835726,-5785485093,-4457211225,-2809704226,-3996084353,-8945618936,-4407952631,-4869768333,-7351204484,-5020059122,-3158497436,-1105890387,457719869.1,845256960.8,3462558729,2960666452,1259692069,898074466.9,4967256073,-2281886745
Germany,DEU,"Current account balance (BoP, current US$)",BN.CAB.XOKA.CD,-33903966248,-7099486034,39720517928,35985324847,1.28E+11,1.33E+11,1.73E+11,2.36E+11,2.13E+11,2.01E+11,1.96E+11,2.32E+11,2.52E+11,2.45E+11,2.79E+11,2.89E+11,2.95E+11,2.89E+11,3.17E+11,2.94E+11,2.74E+11,3.14E+11
Djibouti,DJI,"Current account balance (BoP, current US$)",BN.CAB.XOKA.CD,33305011.79,68849488.81,69901699.86,79033991.48,3151006.353,20132679.87,-16565290.54,-171352850.8,-225386026.4,-71100207.63,50489250,-171842382.2,-147967882.2,-628690167.6,530581858.8,714224636.4,-26058614.66,-132468779,428622508.1,563976063.6,366358434.1,-225105811.9
Dominica,DMA,"Current account balance (BoP, current US$)",BN.CAB.XOKA.CD,-59818518.52,-52138148.15,-47354800,-53176439.26,-58856365.85,-76081115.56,-49851557.04,-86949475.19,-129885324.8,-111079073.7,-80184677.04,-67906485.19,-92105008.89,-72149157.41,-28176151.43,-25164850.82,-44193272.49,-46240252.35,-242217418.8,-210114944,-147521495.4,-178762725
Denmark,DNK,"Current account balance (BoP, current US$)",BN.CAB.XOKA.CD,2261835982,4848072420,3460409557,6963066045,5940838083,11007384394,9461656812,4841519013,10413116838,11323461379,21051011384,22681953274,20460990723,26685645940,31353332576,24953251921,24312984241,26734105170,25762026084,30550146962,28952156092,32465205546
Dominican Republic,DOM,"Current account balance (BoP, current US$)",BN.CAB.XOKA.CD,-1026500000,-740800000,-797900000,1036180000,1041480000,-472910000,-1287410000,-2166300000,-4519700000,-2302900000,-4023500000,-4358700000,-3970570000,-2567900000,-2170200000,-1280300000,-814700000,-133100000,-1321500000,-1187900000,-1337300000,-2688700000
Algeria,DZA,"Current account balance (BoP, current US$)",BN.CAB.XOKA.CD,,,,,,21180000000,28923000000,30353590751,33954307487,431665235.5,12220267767,17673868500,12092476753,1187894323,-9264322929,-27037635153,-26204046337,-22067518024,-16905642521,-16954294029,-18187037296,-4608180303
East Asia & Pacific (excluding high income),EAP,"Current account balance (BoP, current US$)",BN.CAB.XOKA.CD,,,,,,,,,,,,,,,,,,,,,,
Early-demographic dividend,EAR,"Current account balance (BoP, current US$)",BN.CAB.XOKA.CD,,,,,,,,,,,,,,,,,,,,,,
East Asia & Pacific,EAS,"Current account balance (BoP, current US$)",BN.CAB.XOKA.CD,,,,,,,,,,,,,,,,,,,,,,
Europe & Central Asia (excluding high income),ECA,"Current account balance (BoP, current US$)",BN.CAB.XOKA.CD,,,,,,,,,,,,,,,,,,,,,,
Europe & Central Asia,ECS,"Current account balance (BoP, current US$)",BN.CAB.XOKA.CD,,,,,,,,,,,,,,,,,,,,,,
Ecuador,ECU,"Current account balance (BoP, current US$)",BN.CAB.XOKA.CD,1112624808,-551175742.4,-1219024875,-386818498.3,-479422715.7,473925450.5,1739926904,1886488799,1769407670,313049365.6,-1582287238,-400136159.8,-146438179.5,-932905961.3,-668742113.6,-2221086837,1095098641,-183851105.7,-1309589515,-59359604.87,2689630270,2951686458
"Egypt, Arab Rep.",EGY,"Current account balance (BoP, current US$)",BN.CAB.XOKA.CD,-971000000,-388400000,622400000,3743300000,3921700000,2102800000,2635400000,411600000,-1414600000,-3349300000,-4503800000,-5483900000,-6972000000,-3533700000,-5954500000,-17243300000,-20493900000,-7939700000,-7698166088,-10221895259,-14235956909,-18610768182
Euro area,EMU,"Current account balance (BoP, current US$)",BN.CAB.XOKA.CD,-83833383659,-24223902231,44579556206,24891688306,81294164424,19188044538,-356367033.3,24870211055,-2.62E+11,-33693355267,-40630560629,-48978477505,1.23E+11,2.77E+11,3.12E+11,3.13E+11,3.64E+11,4.09E+11,3.85E+11,3.07E+11,2.22E+11,3.43E+11
Eritrea,ERI,"Current account balance (BoP, current US$)",BN.CAB.XOKA.CD,-104657012.5,,,,,,,,,,,,,,,,,,,,,
Spain,ESP,"Current account balance (BoP, current US$)",BN.CAB.XOKA.CD,-25928189733,-27555477892,-26251685129,-35103881712,-58677027283,-83915470590,-1.12E+11,-1.39E+11,-1.46E+11,-60418930687,-52249545356,-39975229878,735150583,27588004255,22662337679,24107676878,39298651172,36857922351,26481556490,29247197810,8044556209,13445134647
Estonia,EST,"Current account balance (BoP, current US$)",BN.CAB.XOKA.CD,-299009347.5,-324621264,-779341245.6,-1276109256,-1455763985,-1218079449,-2549061127,-3323095157,-2156421558,525703676.2,340438472.3,304229741.4,-431767874,75410518.78,173055018,403274473.8,300563086.5,613827255.3,271500765.7,735796367.9,-370204931.3,-709328044.8
Ethiopia,ETH,"Current account balance (BoP, current US$)",BN.CAB.XOKA.CD,13457193.37,-373389901.8,-136640610.8,-136384298.7,-667837097.1,-1567750098,-1785898857,-828004872.8,-1805740812,-2190653761,-635273119.7,-1055616929,-3077984123,-3033415076,-5771532765,-7566576583,-7905485193,-5928627607,-4611293723,-5025133763,-2718803790,-4507268340
European Union,EUU,"Current account balance (BoP, current US$)",BN.CAB.XOKA.CD,,,,,,,,,,,,,,,,,,,,,,
Fragile and conflict affected situations,FCS,"Current account balance (BoP, current US$)",BN.CAB.XOKA.CD,,,,,,,,,,,,,,,,,,,,,,
Finland,FIN,"Current account balance (BoP, current US$)",BN.CAB.XOKA.CD,10527099590,12082014153,12091805084,8539305697,12556749493,7782802139,7997111885,9578241229,5710039151,4407663177,2792225336,-4797433835,-5899068430,-4856099894,-3790146119,-2209431644,-4841647993,-1952469033,-5158732135,-879444515.2,2169412529,1895538074
Fiji,FJI,"Current account balance (BoP, current US$)",BN.CAB.XOKA.CD,-25505583.17,-67603892.12,15745653.83,-52505577.75,-251224967.4,-205524042.2,-506018222.8,-386971587.4,-526301838.9,-123989445.2,-149446716.1,-195062701.8,-56960642.26,-406920504.9,-280634401.9,-162622253.6,-177901293,-355474618,-469597345.8,-689438043.5,-575634795.2,-597290238.9
France,FRA,"Current account balance (BoP, current US$)",BN.CAB.XOKA.CD,16125180558,20965385280,17651008712,15984849589,9166417135,-142691013.4,514325562.5,-8718514443,-28163013358,-22099585074,-22031068188,-29508603052,-32875102690,-24382747332,-37354496129,-9130436717,-12205179244,-17978489468,-24384561167,13699135191,-46340848462,9946515978
Faroe Islands,FRO,"Current account balance (BoP, current US$)",BN.CAB.XOKA.CD,99190000,146200000,125740000,-6560000,129705661.2,31181073.21,21240459.6,-80569602.54,-30578904.31,-24635504.86,144276278.6,194304400.9,,,,,,,,,,
"Micronesia, Fed. Sts.",FSM,"Current account balance (BoP, current US$)",BN.CAB.XOKA.CD,,,,,,,,,,-38254100,-24572700,-44221400,-23832100,-2173400,22407600,,,,,,,
Gabon,GAB,"Current account balance (BoP, current US$)",BN.CAB.XOKA.CD,1000995434,517388918,338032980.7,765896007.6,924480491.2,1982970942,,2748153648,3829611012,804085379.9,2453186896,2604448146,1977634349,1462632469,1112065881,140995975,,,,,,
United Kingdom,GBR,"Current account balance (BoP, current US$)",BN.CAB.XOKA.CD,-30774085341,-29769769802,-36365488653,-38749056160,-57233152147,-51768993008,-85755360800,-1.17E+11,-1.17E+11,-75394474674,-72121003370,-48099309848,-89045744216,-1.33E+11,-1.57E+11,-1.49E+11,-1.50E+11,-96879427832,-1.17E+11,-80778655726,-87814101834,-62941408375
Georgia,GEO,"Current account balance (BoP, current US$)",BN.CAB.XOKA.CD,-175899687.6,-197094537.6,-216912821.5,-382208826.1,-356204277.4,-695658032.2,-1191302771,-1992056361,-2811210944,-1141145836,-1198803819,-1843079774,-1882741234,-955492553.2,-1784183122,-1767022015,-1890635753,-1308247962,-1192211062,-1024538194,-1980622817,-1937420765
Ghana,GHA,"Current account balance (BoP, current US$)",BN.CAB.XOKA.CD,-386417603.2,-427467882.4,-105237554.6,101686603.5,-590188288.8,-1104609521,-1056074433,-2378784232,-3327428936,-1897165484,-2747340000,-3541315695,-4911713679,-5704034550,-3694575338,-2823640338,-2832047271,-2002640000,-2044594253,-1863971933,-2133965480,-2541423147
Gibraltar,GIB,"Current account balance (BoP, current US$)",BN.CAB.XOKA.CD,,,,,,,,,,,,,,,,,,,,,,
Guinea,GIN,"Current account balance (BoP, current US$)",BN.CAB.XOKA.CD,-140090196.4,-59514979.66,-199626587,-185261398.5,-162350000,-160340000,-221350000,-454590000,-438210000,-403360000,-326890000,-1161380000,-1038620000,-1189770000,-981676723.9,-1020197641,-2744932548,519350000,-190470000,-314620000,2684750000,4638730000
"Gambia, The",GMB,"Current account balance (BoP, current US$)",BN.CAB.XOKA.CD,,,,2635836.667,-30321808.63,-43391563.85,-65600015.68,-79274784.32,-6288458.787,28003761.83,17499603.55,-108142561.9,-92782872.8,-97109176.63,-84557301.95,-53780318.63,-76128707.56,-95242046.93,-135045798.1,-37078383.54,-86553241.1,-94081349.2
Guinea-Bissau,GNB,"Current account balance (BoP, current US$)",BN.CAB.XOKA.CD,,-11133112.27,-1268314.149,-287336.3899,13864301.74,-10483855.9,-40075342.06,-30650191.86,-28780321.35,-47610403.32,-70790428.79,-14050574.52,-83241961.12,-52508821.22,6310286.495,20941855.29,10056270,3879055.917,-54134326.62,-127409979.2,-38683254.68,
Equatorial Guinea,GNQ,"Current account balance (BoP, current US$)",BN.CAB.XOKA.CD,,,,,,,,,,,,,,,,,,,,,,
Greece,GRC,"Current account balance (BoP, current US$)",BN.CAB.XOKA.CD,-9817441651,-9403099988,-9595594261,-12812812180,-13492562448,-18218753984,-29576385911,-44579249236,-51297053502,-35945594306,-30262611052,-28599315729,-6172097059,-4949141209,-3734712057,-1611391808,-3261057770,-3605994842,-6248523036,-3112110573,-12413031801,-13857822381
Grenada,GRD,"Current account balance (BoP, current US$)",BN.CAB.XOKA.CD,-88096284.81,-102873241.9,-125548763,-145937451.9,-65702984.07,-193262673.3,-226702041.9,-241705404.8,-251947382.2,-197163179.6,-203902454.1,-207008409.6,-193202811.9,-212831042.2,-105302460.9,-124694001.5,-117305218.6,-162495179.7,-188018081.9,-176958184.8,-219561441.2,-293775901.9
Greenland,GRL,"Current account balance (BoP, current US$)",BN.CAB.XOKA.CD,,,,,,,,,,,,,,,,,,,,,,
Guatemala,GTM,"Current account balance (BoP, current US$)",BN.CAB.XOKA.CD,-1049600000,-1252904185,-1234874116,-1039185911,-1164400000,-1241000000,-1524000000,-1785600000,-1553562660,72262890,-766950990,-1579834920,-1847275530,-2238781140,-1909306330,-773787480,637267670,857080020,649564060,1821490950,3918080170,2113335030
Guam,GUM,"Current account balance (BoP, current US$)",BN.CAB.XOKA.CD,,,,,,,,,,,,,,,,,,,,,,
Guyana,GUY,"Current account balance (BoP, current US$)",BN.CAB.XOKA.CD,-82200000,-90900000,-62300000,-44600000,-19915600,-96268000,-180641000,-165677000,-321363632.6,-230589983.4,-246354258.1,-372288521.1,-366670137.8,-456029798.4,-385182803.3,-38822257.59,-49983671.87,-390632574.9,-1276733474,-2717145704,-396533065.5,-2087062759
High income,HIC,"Current account balance (BoP, current US$)",BN.CAB.XOKA.CD,,,,,,,,,,,,,,,,,,,,,,
"Hong Kong SAR, China",HKG,"Current account balance (BoP, current US$)",BN.CAB.XOKA.CD,7544767609,10391654658,13128959285,17408758879,16822246082,21574646020,24555234186,27554630254,32872053518,21155607433,16012190300,13808455084,4147336655,4190681087,4057155168,10264062288,12688130481,15621074373,13514401800,21230258455,24092464066,41712198666
Honduras,HND,"Current account balance (BoP, current US$)",BN.CAB.XOKA.CD,-508263274.3,-478666907.6,-281571254,-552820451.2,-683390969.5,-304335008.5,-382653481.2,-1116156503,-2129853584,-556653464.8,-804073094.4,-1408660827,-1580746022,-1762523570,-1372124152,-979945387,-682674236.4,-288253383,-1581815977,-661552309.1,676894773.3,-1221831230
Heavily indebted poor countries (HIPC),HPC,"Current account balance (BoP, current US$)",BN.CAB.XOKA.CD,,,,,,,,,,,,,,,,,,,,,,
Croatia,HRV,"Current account balance (BoP, current US$)",BN.CAB.XOKA.CD,-338043019.7,-516315412.9,-1661740755,-3209662663,-2572850702,-3392128174,-3909392830,-4752582814,-7482989420,-4086119929,-1485244975,-1045612820,-207948363.4,-615680160.3,109820703.9,1644299623,1210872202,2153557383,964361819.8,1700365682,-184774951.5,2082110409
Haiti,HTI,"Current account balance (BoP, current US$)",BN.CAB.XOKA.CD,-114210000,-131900000,-88950000,-44780000,-62380000,7048000,-85029000,-85773000,-204814583.8,-122185676.9,-101824279.2,-323623966.9,-431148219.8,-560837856,-750652437.4,-270775987.5,-241398382.1,-326142463.1,-470553516.1,-168759651.4,216157236.7,141371134
Hungary,HUN,"Current account balance (BoP, current US$)",BN.CAB.XOKA.CD,-4173563162,-3289609794,-4361443386,-7039900025,-9445878133,-11181808085,-8422271299,-10209896208,-11125011069,-892033654.2,341646259.6,886554259.9,1989672607,4665997538,1604607987,2925516290,5854912155,2768954241,415010400.1,-1230837686,-1602828025,-7173268823
IBRD only,IBD,"Current account balance (BoP, current US$)",BN.CAB.XOKA.CD,,,,,,,,,,,,,,,,,,,,,,
IDA & IBRD total,IBT,"Current account balance (BoP, current US$)",BN.CAB.XOKA.CD,,,,,,,,,,,,,,,,,,,,,,
IDA total,IDA,"Current account balance (BoP, current US$)",BN.CAB.XOKA.CD,,,,,,,,,,,,,,,,,,,,,,
IDA blend,IDB,"Current account balance (BoP, current US$)",BN.CAB.XOKA.CD,,,,,,,,,,,,,,,,,,,,,,
Indonesia,IDN,"Current account balance (BoP, current US$)",BN.CAB.XOKA.CD,7992074100,6900901091,7823542185,8106793838,1563009904,277544828.9,10859493594,10491041827,125992416.5,10628489686,5144284990,1685068008,-24417850938,-29109199017,-27509865798,-17518744569,-16952255385,-16195634380,-30633120324,-30279059753,-4433269738,3458503435
IDA only,IDX,"Current account balance (BoP, current US$)",BN.CAB.XOKA.CD,,,,,,,,,,,,,,,,,,,,,,
Isle of Man,IMN,"Current account balance (BoP, current US$)",BN.CAB.XOKA.CD,,,,,,,,,,,,,,,,,,,,,,
India,IND,"Current account balance (BoP, current US$)",BN.CAB.XOKA.CD,-4601248652,1410181566,7059496037,8772510264,780195721.5,-10283543308,-9299060317,-8075694484,-30971987181,-26186435957,-54515877624,-62517637222,-91471245846,-49122670388,-27314281993,-22456838010,-12113787707,-38167659224,-65599439053,-29762864650,32730048588,-33422359358
Not classified,INX,"Current account balance (BoP, current US$)",BN.CAB.XOKA.CD,,,,,,,,,,,,,,,,,,,,,,
Ireland,IRL,"Current account balance (BoP, current US$)",BN.CAB.XOKA.CD,,,,,,-7144573583,-7862125527,-13848550480,-15302982166,-5007385900,2319661325,2829018505,-7708573879,3711544924,2786017663,12912448254,-12520887870,3397575467,24169680523,-44933860212,-27411547540,72220479502
"Iran, Islamic Rep.",IRN,"Current account balance (BoP, current US$)",BN.CAB.XOKA.CD,12481000000,,,,,,,,,,,,,,,,,,,,,
Iraq,IRQ,"Current account balance (BoP, current US$)",BN.CAB.XOKA.CD,,,,,,-3335400000,2681400000,15519330000,28440300000,-1128500000,6488300000,26126000000,29541000000,16092482324,15855500000,-2761814222,2157940000,14892456000,34369500000,15762600000,-6197600000,24563400000
Iceland,ISL,"Current account balance (BoP, current US$)",BN.CAB.XOKA.CD,-912973168.2,-378673621.1,119951753.6,-565708397.5,-1401729087,-2648842463,-3970527069,-2916254898,-4146190898,-1185233541,-844996658.2,-715955284.9,-518604188.1,1009682042,776608799.6,985803077.6,1719952613,1052620759,1075433373,1611768048,407806106.7,-409262219.8
Israel,ISR,"Current account balance (BoP, current US$)",BN.CAB.XOKA.CD,-2056400000,-2031500000,-1290600000,634800000,2352700000,4540100000,6966700000,5485900000,2690200000,7489400000,8246600000,4548000000,982700000,8720900000,13119800000,16137700000,12739700000,13205400000,10979500000,14747200000,22486100000,21090000000
Italy,ITA,"Current account balance (BoP, current US$)",BN.CAB.XOKA.CD,-3106733996,1814148808,-6277210864,-12128604342,-8978989363,-16714795195,-28321585639,-30129935945,-66400853363,-40410770649,-70819281580,-64808125979,-5129312523,24764660544,40309629204,26369229238,49686018258,53102122703,53985858785,66320786088,74508740778,64719172848
Jamaica,JAM,"Current account balance (BoP, current US$)",BN.CAB.XOKA.CD,-367400000,-758800000,-1074035000,-773356367.3,-501560989.5,-1071321664,-1182858296,-2038139959,-2793264220,-1127502303,-934005337.2,-2063190118,-1440188623,-1356845226,-1114354109,-430100946,-43463029.59,-396407773.7,-243920212.6,-350949455.9,-61432510.86,125274874.7
Jordan,JOR,"Current account balance (BoP, current US$)",BN.CAB.XOKA.CD,27581390.01,-24030934.39,501306213.6,1198530228,39195475.25,-2271235045,-1725938857,-2874692560,-2054052823,-1243195603,-1881948409,-2956017204,-4711237324,-3503873260,-2608028169,-3469788732,-3851830986,-4392816901,-2962760563,-773366197.2,-2505535211,-4030422535
Japan,JPN,"Current account balance (BoP, current US$)",BN.CAB.XOKA.CD,1.31E+11,86219920754,1.09E+11,1.39E+11,1.82E+11,1.70E+11,1.75E+11,2.12E+11,1.42E+11,1.46E+11,2.21E+11,1.30E+11,60116999697,46378535980,36351469240,1.36E+11,1.97E+11,2.03E+11,1.77E+11,1.77E+11,1.48E+11,1.58E+11
Kazakhstan,KAZ,"Current account balance (BoP, current US$)",BN.CAB.XOKA.CD,366309483.6,-1389516440,-1024341044,-272631279.6,335427745.4,-1036013058,-1999920744,-8372284371,6250108639,-4120774908,1385714548,10198631340,2246742419,1954124005,6113706868,-6743821487,-8450130330,-5519738043,-864549167.1,-8282235635,-7589830404,-7862472234
Kenya,KEN,"Current account balance (BoP, current US$)",BN.CAB.XOKA.CD,-199391622.2,-320276833.9,-117669073.5,132419234.8,-131773010.5,-252316724.2,-510433478.2,-1032048241,-1982595677,-1688505911,-2368671950,-3819304011,-4216145263,-4842146888,-6377926517,-4420811285,-4037779793,-5739957846,-4989164831,-5258353851,-4791685555,-5744077674
Kyrgyz Republic,KGZ,"Current account balance (BoP, current US$)",BN.CAB.XOKA.CD,-76084940.66,-18993009.93,-29317597.93,-42167038.4,29275302.49,-37440749.15,-286120441.2,-227620109.9,-713239578.2,-202340394.3,-474562170.6,-477060803.4,-1025463796,-1010431639,-1301273206,-1052430545,-792242626.4,-535561906,-961727513,-1066833463,374257005.6,-743362680.2
Cambodia,KHM,"Current account balance (BoP, current US$)",BN.CAB.XOKA.CD,-136092729,-87877926.79,-107306836.8,-233437993.7,-182913053.6,-306993470,-233868557.3,-423329899.8,-819975437.4,-741414916.6,-980977704.3,-1025873249,-1212670582,-1295705055,-1444104699,-1598447754,-1733542017,-1807323272,-2895566487,-4064575202,-2196705014,-12320932872
Kiribati,KIR,"Current account balance (BoP, current US$)",BN.CAB.XOKA.CD,,,,,,,-9676457.39,-2509439.826,-5247202.179,-16565244.54,194588.0061,-17302046.91,3619986.077,-10131369.34,56046361.63,56247992.7,19219652.97,70501111.17,76935282.22,86818266.82,71278573.02,20250958.69
St. Kitts and Nevis,KNA,"Current account balance (BoP, current US$)",BN.CAB.XOKA.CD,-66207407.41,-107408518.5,-124597773.3,-115791775.2,-68379595.56,-64720367.78,-85109481.85,-113034715.9,-203331386.7,-180115761.9,-138581159.6,-102198873.7,-84747152.96,-62703314.07,2955059.905,-79719207.79,-123687677.6,-111770103.9,-59245614.04,-25044675.54,-78455803.77,-61009134.97
"Korea, Rep.",KOR,"Current account balance (BoP, current US$)",BN.CAB.XOKA.CD,10180800000,2165200000,4066100000,11308300000,29289900000,12208600000,2094800000,10472500000,1753000000,33087600000,27950500000,16638200000,48790600000,77258900000,83029600000,1.05E+11,97923700000,75230900000,77466500000,59676100000,75902200000,88302200000
Kuwait,KWT,"Current account balance (BoP, current US$)",BN.CAB.XOKA.CD,14672132907,8323614606,4264689770,9424132295,15507974211,30070547945,45311775629,41330130543,60239349741,28972202232,36989237366,66145829374,79122068568,69492793731,53965916438,8584241437,641706076.7,7757168972,24049115228,30254864182,22029709990,34943331016
Latin America & Caribbean (excluding high income),LAC,"Current account balance (BoP, current US$)",BN.CAB.XOKA.CD,,,,,,,,,,,,,,,,,,,,,,
Lao PDR,LAO,"Current account balance (BoP, current US$)",BN.CAB.XOKA.CD,-8470000,-67328448.59,8271369.052,-29706046.23,-178236964.9,-173786566.8,75308544.51,139406173.6,77543822.62,-60905624.7,29309198.01,-206325894.9,-745403272.4,-936002554.2,-1924464372,-2267608963,-1384744200,-1259801184,-1648936579,-1319568557,-230973434.7,446571770
Lebanon,LBN,"Current account balance (BoP, current US$)",BN.CAB.XOKA.CD,,,-4540835503,-5138387089,-4405595914,-2748000878,-1116363496,-1604778256,-4102657996,-6740936422,-7552051024,-5523546175,-10316751674,-11959785597,-12615309907,-8541780207,-10473958019,-12133902089,-13366895811,-11264596490,-2995464145,-2985222279
Liberia,LBR,"Current account balance (BoP, current US$)",BN.CAB.XOKA.CD,,,,,-159726914.2,-183546381.8,-172814378.9,-223159911.4,-354304953.9,-277191423.3,-853418361.4,-1258598622,-1674844201,-1042787198,-642544587.9,171113280.7,-276040465.4,-565563643.6,-674092298.9,-653403371.8,,
Libya,LBY,"Current account balance (BoP, current US$)",BN.CAB.XOKA.CD,6270000000,3332000000,694000000,3402000000,4616000000,14945000000,22170000000,28510300000,35701700000,9380600000,16800700000,3192400000,23836300000,9600000,-19033300000,-9346000000,-4705200000,4426400000,11276000000,4817000000,-4780200000,
St. Lucia,LCA,"Current account balance (BoP, current US$)",BN.CAB.XOKA.CD,-94803703.7,-107575925.9,-106003341.1,-147549312.2,-91144132.59,-129471038.1,-308990836.3,-344664305.2,-339860354.1,-136742930.4,-202755071.1,-242683181.5,-182930383.3,-100327087.8,-43031944.41,-12387630.41,-121770348.9,-39624266.81,28928050.48,119600165.3,-237610441.5,-2288515.358
Latin America & Caribbean,LCN,"Current account balance (BoP, current US$)",BN.CAB.XOKA.CD,,,,,,,,,,,,,,,,,,,,,,
Least developed countries: UN classification,LDC,"Current account balance (BoP, current US$)",BN.CAB.XOKA.CD,,,,,,,,,,,,,,,,,,,,,,
Low income,LIC,"Current account balance (BoP, current US$)",BN.CAB.XOKA.CD,,,,,,,,,,,,,,,,,,,,,,
Liechtenstein,LIE,"Current account balance (BoP, current US$)",BN.CAB.XOKA.CD,,,,,,,,,,,,,,,,,,,,,,
Sri Lanka,LKA,"Current account balance (BoP, current US$)",BN.CAB.XOKA.CD,-1043587519,-215490000,-236350000,-70720000,-647570000,-650126930,-1498011000,-1400900000,-3885400000,-214700000,-1075030000,-4615420000,-4009149851,-2540575154,-1987684224,-1882774084,-1742399715,-2308995623,-2799053066,-1843400223,-1082999206,
Lower middle income,LMC,"Current account balance (BoP, current US$)",BN.CAB.XOKA.CD,,,,,,,,,,,,,,,,,,,,,,
Low & middle income,LMY,"Current account balance (BoP, current US$)",BN.CAB.XOKA.CD,,,,,,,,,,,,,,,,,,,,,,
Lesotho,LSO,"Current account balance (BoP, current US$)",BN.CAB.XOKA.CD,-76176203.06,20832633.78,51241059.74,44455844,100744817.9,165736270.7,283300471,373218833,344735039,55187815.94,-158319246.9,-210838128.9,-377094095,-167685028.4,-122512645.7,-77639214.66,-170900597.8,-143203000.8,-55610918.6,-72308005.08,-18211496.12,-90885689.47
Late-demographic dividend,LTE,"Current account balance (BoP, current US$)",BN.CAB.XOKA.CD,,,,,,,,,,,,,,,,,,,,,,
Lithuania,LTU,"Current account balance (BoP, current US$)",BN.CAB.XOKA.CD,-674897500,-573575000,-720695986.2,-1278352881,-1769593568,-1915412215,-3217554912,-6096360250,-6498619921,841595544.2,72529005.58,-1592245406,-686270648.3,790622492.4,1652669235,-1014069961,-474135418.1,298637794.7,123297846.6,1928828105,4165475855,756475933.7
Luxembourg,LUX,"Current account balance (BoP, current US$)",BN.CAB.XOKA.CD,2504744872,1654765115,1689256200,2147825363,2526364154,2609122300,2852083098,3377506570,3659318723,3004526404,3268451961,3473214203,3141502983,3392884123,3391095714,2920924850,2936199800,2983773940,2649137999,2459485479,3496336057,4140502776
Latvia,LVA,"Current account balance (BoP, current US$)",BN.CAB.XOKA.CD,-290706944.7,-500858721.5,-522806938.3,-849262842.5,-1679792107,-1985616844,-4520558737,-6426791354,-4483621315,2059020546,412690878.2,-943496960.6,-1049324807,-841193109,-522368541.4,-158160590.4,447818678.9,402343609.8,-45439406.07,-200203279.7,918669926,-1699596978
"Macao SAR, China",MAC,"Current account balance (BoP, current US$)",BN.CAB.XOKA.CD,,,2324191735,2524835291,3507498449,2876302375,2215148786,3998678846,3272183736,5946716531,10991668766,14878561933,16772190964,20271917016,17956377877,10515352420,11954320300,15519823000,18257274161,18713931742,3926295158,2955692205
St. Martin (French part),MAF,"Current account balance (BoP, current US$)",BN.CAB.XOKA.CD,,,,,,,,,,,,,,,,,,,,,,
Morocco,MAR,"Current account balance (BoP, current US$)",BN.CAB.XOKA.CD,-474860979.7,1611062574,1476900043,1581783222,969563446.4,1040567278,1411234502,-122036473.8,-4528477180,-4971330652,-3925169125,-7999598422,-9571267652,-7844020645,-6597266905,-2160696677,-4179669587,-3677255014,-6205208862,-4406759941,-1368382876,-3261495786
Monaco,MCO,"Current account balance (BoP, current US$)",BN.CAB.XOKA.CD,,,,,,,,,,,,,,,,,,,,,,
Moldova,MDA,"Current account balance (BoP, current US$)",BN.CAB.XOKA.CD,-98190000,-26780000,-19800000,-130130000,-46130000,-225810000,-386420000,-671100000,-975570000,-485190000,-481468750.4,-851953937.8,-643620000,-490310000,-568300000,-462840000,-288420000,-555390000,-1211870000,-1105780000,-886898905.5,-1699346000
Madagascar,MDG,"Current account balance (BoP, current US$)",BN.CAB.XOKA.CD,-260476541.2,-140063581,-477029187.8,-327949592.4,-398999255.4,-734214649.8,-585538628.4,-842718615.8,-1677032019,-1747565455,-893306535,-777177676.5,-864105350.5,-808214219.1,-81289492.76,-255834414.7,44804653.58,-30119708.81,98048614.28,-302356591.1,-623149477.6,-732252451.6
Maldives,MDV,"Current account balance (BoP, current US$)",BN.CAB.XOKA.CD,-51479290.23,-58723617.88,-35585588.63,-31296378.24,-122325301.4,-273009395.2,-301975113,-268951457.1,-611703269.2,-220831374.8,-196081418.9,-383438933.2,-184492004.3,-127393868.8,-117822005.7,-301696716.4,-1032409715,-1026691470,-1502527635,-1489651329,-1327423551,-457561684.7
Middle East & North Africa,MEA,"Current account balance (BoP, current US$)",BN.CAB.XOKA.CD,,,,,,,,,,,,,,,,,,,,,,
Mexico,MEX,"Current account balance (BoP, current US$)",BN.CAB.XOKA.CD,-18752421871,-17752510948,-13041397192,-5223145424,-4675563283,-5628881569,-3384328244,-9624787208,-16739077511,-7681750531,-4767169672,-11812656400,-18407099355,-31421235615,-25290379888,-30931036800,-24179774840,-20029397899,-24349029417,-3406329288,27103367945,-4816853732
Marshall Islands,MHL,"Current account balance (BoP, current US$)",BN.CAB.XOKA.CD,,,,,,-2541299.362,-6182935.888,-8222529.681,-5516075.899,-26400463.89,-14340438.83,-5779247.332,-19611539.49,-28917492.15,-4879368.572,-7032235.663,-16213012.14,12920481.33,53031256.53,56997996.95,-1181945.408,
Middle income,MIC,"Current account balance (BoP, current US$)",BN.CAB.XOKA.CD,,,,,,,,,,,,,,,,,,,,,,
North Macedonia,MKD,"Current account balance (BoP, current US$)",BN.CAB.XOKA.CD,-103114776.9,-235352063.8,-378756588.7,-185503858.6,-451606092.7,-159302403.8,-28548236.14,-605747646,-1235795873,-609565440,-198294923.3,-261701938.6,-319136280.9,-177155057.4,-54733524.4,-172327422.7,-284303767.1,-66292734.52,18171462.76,-376486924.3,-360443556.6,-420177671.3
Mali,MLI,"Current account balance (BoP, current US$)",BN.CAB.XOKA.CD,-255156244.2,-310312282.6,-149514231.6,-271582512.5,-409703049.6,-437887791.6,-218748841.1,-581906349.8,-1067735327,-657504410.3,-1191101120,-657287858.5,-272651301.2,-374791295.8,-676735614.4,-697704951.4,-1015838147,-1212918700,-836254949.5,-1288754662,-379683067.8,
Malta,MLT,"Current account balance (BoP, current US$)",BN.CAB.XOKA.CD,-480425177.2,-149664786.1,106237639.1,-156279445.3,-231662069.8,-417871418.7,-530700349.2,-159239134.7,-76962232.43,-557794386.2,-419702566.6,-13009178.01,151215093.8,270314052.2,991728103.2,300542507.2,-66359745.16,802655513.5,984477181.4,777443022.4,-415141885.9,-804056153.6
Myanmar,MMR,"Current account balance (BoP, current US$)",BN.CAB.XOKA.CD,-210121258.6,-151992286.2,95581258.88,-19091581.12,110259950.1,581822509.2,793885290.1,1380740925,1247028551,986009643.9,1574156747,-1561122334,-1259646752,-388582899.8,-2481498403,-3109126533,-1919047828,-4916790033,-2561158569,67720479.41,,
Middle East & North Africa (excluding high income),MNA,"Current account balance (BoP, current US$)",BN.CAB.XOKA.CD,,,,,,,,,,,,,,,,,,,,,,
Montenegro,MNE,"Current account balance (BoP, current US$)",BN.CAB.XOKA.CD,,,,,,,,-1464069435,-2256801720,-1151541798,-852057845.6,-664732305,-638662379.1,-511433327.2,-570438527.3,-443138379.6,-707487309.8,-761410656.9,-943031638.1,-796134091.5,-1237027267,-540073218.5
Mongolia,MNG,"Current account balance (BoP, current US$)",BN.CAB.XOKA.CD,-69867709.78,-61700000,-105158905.7,-98669088.32,63004360.64,87510299.51,372155596.5,171787335.6,-690742251.5,-341783224.2,-885472136.5,-4512180734,-5380697482,-4731842598,-1934341990,-948455403,-699671011.2,-1155443732,-1902507512,-2161686815,-674611942.8,-2108439815
Northern Mariana Islands,MNP,"Current account balance (BoP, current US$)",BN.CAB.XOKA.CD,,,,,,,,,,,,,,,,,,,,,,
Mozambique,MOZ,"Current account balance (BoP, current US$)",BN.CAB.XOKA.CD,,,,,,-760592537.1,-755428331.4,-786196628.2,-1147202860,-1226187572,-1679440917,-3328861901,-6789977472,-6253446234,-5797145543,-5967850296,-4066257223,-2413086433,-4436409065,-2934300148,-3869415926,-3600804620
Mauritania,MRT,"Current account balance (BoP, current US$)",BN.CAB.XOKA.CD,,,,,,,,,,,,,-1226092286,-1261758969,-1473118227,-955946938.1,-706785516.3,-709000689.8,-972886440,-831106401.9,-576175086.7,-807861992.7
Mauritius,MUS,"Current account balance (BoP, current US$)",BN.CAB.XOKA.CD,-36940503.49,276080863.6,249387193.7,93176694.52,-111788457.3,-323951478.2,-604410278.3,-433934955.4,-975764097.8,-654971647.3,-1005773529,-1560299125,-827512079.1,-750275471.4,-690030757.3,-416984417.4,-491351517.4,-612227401.3,-555392977.6,-718495486.1,-1002712258,-1526928925
Malawi,MWI,"Current account balance (BoP, current US$)",BN.CAB.XOKA.CD,-73496265.41,-59950909.98,-200692464.3,-248981345.9,-378990003.5,-506710118.9,-306571775.5,-418027622.7,-693385937.6,-543633396.7,-969288544.3,-1136709794,-744667770.1,-1236186788,-1128536961,-1064422990,-1005613301,-1558043206,-1683692029,-1321052062,-1466327943,-1543008196
Malaysia,MYS,"Current account balance (BoP, current US$)",BN.CAB.XOKA.CD,8487894737,7286842368,7189736842,13381157895,15079434211,19979946360,26199509355,29770093208,38914368952,31800960631,25643752186,32491635332,16315757810,11205218343,14846482443,9067534382,7132796677,8960171430,8026400935,12795413587,14137954763,14143329787
North America,NAC,"Current account balance (BoP, current US$)",BN.CAB.XOKA.CD,,,,,,,,,,,,,,,,,,,,,,
Namibia,NAM,"Current account balance (BoP, current US$)",BN.CAB.XOKA.CD,191523457.7,10539837.94,85854159.34,265693025.1,446295605.3,329443097.8,1082861307,747823800.6,-9214703.768,-316871032,-448391105.8,-857574271.8,-1119444472,-992085210.3,-1172520468,-1559479500,-1768820880,-570041927.1,-485919844.2,-222968944.3,270276573.9,-1209681213
New Caledonia,NCL,"Current account balance (BoP, current US$)",BN.CAB.XOKA.CD,,,-107219388.9,-37160002.28,256540789.8,-112453008.7,-413798351.3,-293993593.9,-1418710989,-823625797.2,-1359876978,-1391622245,-1933761487,-1803595722,-1300471988,-1119379998,-654237057.4,,,,,
Niger,NER,"Current account balance (BoP, current US$)",BN.CAB.XOKA.CD,-104393364.2,-92341907.44,-165566974.4,-219173243.9,-231274803.9,-311634696.8,-314006419.6,-351730338.9,-654078414.6,-1325370437,-1137080688,-1432933622,-1021630309,-1150600188,-1306931079,-1486216431,-1181659914,-1274368826,-1625023612,-1572440250,-1815733516,
Nigeria,NGA,"Current account balance (BoP, current US$)",BN.CAB.XOKA.CD,7427061116,2477762769,1083110754,3390606192,16840536008,36529017085,36517576728,27648255974,29145209283,13869493318,13111276866,10668377374,17374274675,19048981238,906535877.2,-15438642534,5077217476,13563765219,7283154463,-13685219004,-15985927541,-1848693841
Nicaragua,NIC,"Current account balance (BoP, current US$)",BN.CAB.XOKA.CD,-935700000,-820300000,-784100000,-705500000,-687400000,-783570000,-884700000,-1207000000,-1450300000,-701500000,-777300000,-1163900000,-1234800000,-1380400000,-953800000,-1259500000,-1127100000,-987100000,-234100000,754100000,496700000,-316600000
Netherlands,NLD,"Current account balance (BoP, current US$)",BN.CAB.XOKA.CD,7257328230,9813967287,11032388748,29892053162,44314391423,41570269413,57194899544,50053545968,38962664854,50062869722,61803347055,81373336078,89514058236,85496733373,75952978908,40162125287,55493170252,74312150181,85142064742,62998005544,46793540031,73138428766
Norway,NOR,"Current account balance (BoP, current US$)",BN.CAB.XOKA.CD,25078840854,27545727413,24269038603,27697714178,32999994939,49967488000,55913071665,49732367558,72915061387,45169002359,50258127256,66453557988,63595359983,53449786436,54964662113,31105578188,14765907707,21649914925,34961411607,11918976388,4222749529,71551065671
Nepal,NPL,"Current account balance (BoP, current US$)",BN.CAB.XOKA.CD,-130649853.8,-164687682,215187101.2,180266177.6,99960063.22,153094707.2,150080619.4,5659482.662,733341812.3,21414155.63,-127615743,288604650.2,577455898.4,1159387766,496227113.2,2446630400,-167829918.9,-1032642816,-2748523176,-1753624817,-84136987.87,-5362970002
Nauru,NRU,"Current account balance (BoP, current US$)",BN.CAB.XOKA.CD,,,,,,,,,18628776.88,29944891.54,23679103.79,19760151.51,34861910.68,45855066.29,26029493.7,-16701707.68,2079369.669,14109926.57,8406408.34,,,
New Zealand,NZL,"Current account balance (BoP, current US$)",BN.CAB.XOKA.CD,-1738067390,-418287193.4,-1395997086,-2123309062,-4683953459,-8025095173,-7880410400,-9324756786,-10263738398,-3010196174,-3429382027,-4822842307,-6887303081,-5836899943,-6223946464,-4662724382,-4016161125,-5802604349,-8576001804,-5944952527,-2013567574,-14827297608
OECD members,OED,"Current account balance (BoP, current US$)",BN.CAB.XOKA.CD,,,,,,,,,,,,,,,,,,,,,,
Oman,OMN,"Current account balance (BoP, current US$)",BN.CAB.XOKA.CD,3129401300,2082444733,1941222367,1453836151,876566970.1,5177529259,5664395319,2462158648,5018985696,-501061529.3,4634013727,8845124415,7819215214,5203645498,4205464184,-10953998389,-12504613717,-10848830823,-4001889013,-4020275760,-12306580183,-4288219680
Other small states,OSS,"Current account balance (BoP, current US$)",BN.CAB.XOKA.CD,,,,,,,,,,,,,,,,,,,,,,
Pakistan,PAK,"Current account balance (BoP, current US$)",BN.CAB.XOKA.CD,-85000000,1878000000,3854000000,3573000000,-817000000,-3606200000,-6747000000,-8301000000,-15654500000,-3993430000,-1354000000,-2207000000,-2342000000,-4416000000,-3658000000,-2803000000,-7190898000,-16179621000,-18858987000,-8557928000,-650874000,-12262247000
Panama,PAN,"Current account balance (BoP, current US$)",BN.CAB.XOKA.CD,-698900000,-191000000,-113100000,-575200000,-1045400000,-1064100000,-462800000,-1179600000,-2287200000,-212300000,-3121400000,-4517400000,-3735100000,-4084000000,-6677200000,-4848400000,-4507669583,-3745444921,-4949501163,-3329313420,1096837987,-1412323342
Peru,PER,"Current account balance (BoP, current US$)",BN.CAB.XOKA.CD,-1545828520,-1202811330,-1110307795,-948531329.4,19286880.16,1147610229,2872489024,1460344786,-5317632557,-722870310.7,-3564433461,-3373782035,-5559117095,-9791515866,-8754093731,-8938421111,-4417440059,-1964385196,-2894545084,-1680454735,2397832175,-5273365307
Philippines,PHL,"Current account balance (BoP, current US$)",BN.CAB.XOKA.CD,-2228000000,-1750000000,-282000000,285000000,1625000000,1990392913,6962857691,8071944587,144020966.6,8448167039,7179160967,5642727682,6949480669,11383508585,10755931843,7265677954,-1198874442,-2142968677,-8877047441,-3046835247,11578388371,-6008802646
Palau,PLW,"Current account balance (BoP, current US$)",BN.CAB.XOKA.CD,,,,,,-39579662.91,-48787271.79,-36190171.8,-34224039.46,-6143244.234,-18678699.14,-25344199.08,-34484250.68,-29211556.51,-48393720.93,-24245931.79,-50364000,-66084000,-56420000,-97480000,-106379000,-63534000
Papua New Guinea,PNG,"Current account balance (BoP, current US$)",BN.CAB.XOKA.CD,350697873.5,286147590.5,-25127355.71,142114737.3,188166203.2,649697806,440836929,180828354.7,795136955.2,-591624751.3,-642495510.1,-197869761.4,-2297356874,-3449797093,2817635670,4406904201,5175081834,5347831907,5450798954,,,
Poland,POL,"Current account balance (BoP, current US$)",BN.CAB.XOKA.CD,-10343000000,-5946000000,-5544000000,-5473000000,-14625000000,-8845000000,-14903000000,-28734000000,-37306000000,-18562000000,-26660000000,-28346000000,-20193000000,-9465000000,-14212000000,-4347000000,-3719000000,-2068000000,-7537000000,2832000000,17319000000,-4568000000
Pre-demographic dividend,PRE,"Current account balance (BoP, current US$)",BN.CAB.XOKA.CD,,,,,,,,,,,,,,,,,,,,,,
Puerto Rico,PRI,"Current account balance (BoP, current US$)",BN.CAB.XOKA.CD,,,,,,,,,,,,,,,,,,,,,,
"Korea, Dem. People's Rep.",PRK,"Current account balance (BoP, current US$)",BN.CAB.XOKA.CD,,,,,,,,,,,,,,,,,,,,,,
Portugal,PRT,"Current account balance (BoP, current US$)",BN.CAB.XOKA.CD,-12837031422,-12688673086,-11211700616,-11015502324,-15119121007,-18936787440,-21356231609,-23226935476,-31230591786,-25121217594,-24406544935,-14719312840,-3561728370,3720882132,340855577.6,470642360,2413090982,3037326427,1321821267,1012789684,-2291965448,-2986907578
Paraguay,PRY,"Current account balance (BoP, current US$)",BN.CAB.XOKA.CD,-247118010.8,-31921267.61,619819391.4,17010535.21,-9809999.123,-67505837.88,167126142.2,778964609.7,131701328.5,554874309.9,5687290.503,30484829.43,-204264770.5,649798206.6,-5320422.369,-77764862.87,1538013051,1171993919,-67850847.11,-178179351.5,959672660.2,311068336.4
West Bank and Gaza,PSE,"Current account balance (BoP, current US$)",BN.CAB.XOKA.CD,-856611412.2,-827870113.9,-485551312.1,-1070556669,-1587942161,-1365345997,-1233496359,-418527245.5,380599256.2,-1143374926,-1306943756,-2069507447,-1821136202,-1996562724,-1900768004,-1939217882,-2142546408,-2129954124,-2140377872,-1779396290,-1902805885,-1486473569
Pacific island small states,PSS,"Current account balance (BoP, current US$)",BN.CAB.XOKA.CD,,,,,,,,,,,,,,,,,,,,,,
Post-demographic dividend,PST,"Current account balance (BoP, current US$)",BN.CAB.XOKA.CD,,,,,,,,,,,,,,,,,,,,,,
French Polynesia,PYF,"Current account balance (BoP, current US$)",BN.CAB.XOKA.CD,,,6064855.464,-119216551,185795674,8734227.855,159797090.2,271365381.5,-430758777.4,-170960306.2,-17919454.71,175362655.9,78129193.29,197454590.2,264320371.6,291181532.2,411963009.2,,,,,
Qatar,QAT,"Current account balance (BoP, current US$)",BN.CAB.XOKA.CD,,,,,,,,,,,,52123601586,62000183150,60460989011,49409890110,13750824176,-8269505495,6425549451,16652197802,4259890110,-2985714286,26319230769
Romania,ROU,"Current account balance (BoP, current US$)",BN.CAB.XOKA.CD,-1355000000,-2229000000,-1525000000,-3311000000,-6382000000,-8540555217,-13015178210,-23924307027,-24986071301,-8234134436,-8478450857,-9276545444,-8200067936,-1828479679,-567730643.9,-1396079875,-3004026735,-6584162968,-11136060727,-12184401122,-12534575620,-20626953524
Russian Federation,RUS,"Current account balance (BoP, current US$)",BN.CAB.XOKA.CD,45382380000,32053820000,27472950000,33128110000,58559840000,84388750000,92315570000,72193020000,1.04E+11,50383640000,67452200000,97273940000,71282190000,33428200000,57512760000,67777180000,24468810000,32178630000,1.16E+11,65627250000,35372690000,1.22E+11
Rwanda,RWA,"Current account balance (BoP, current US$)",BN.CAB.XOKA.CD,,,,,,,,,,,-399142437.7,-477010513.8,-741015960.7,-585105607.7,-934619500.8,-1083671486,-1330822365,-875362663.4,-974801863,-1230865444,-1227520731,-1209211266
South Asia,SAS,"Current account balance (BoP, current US$)",BN.CAB.XOKA.CD,,,,,,,,,,,,,,,,,,,,,,
Saudi Arabia,SAU,"Current account balance (BoP, current US$)",BN.CAB.XOKA.CD,14316800000,9353446133,11873093333,28047946667,51925973333,89990240000,98934039964,93329453236,1.32E+11,20954610933,66750991975,1.59E+11,1.65E+11,1.35E+11,73758204317,-56723789494,-23842752835,10464291863,71971861033,38229872563,-22814248436,44323517249
Sudan,SDN,"Current account balance (BoP, current US$)",BN.CAB.XOKA.CD,-517700000,-521900000,-973560000,-938580000,-818230000,-2472730296,-6495850087,-3597152020,-3593872576,-4926572125,-1725368702,-2652932020,-6259061245,-5822074153,-3545466635,-5460760074,-4213356633,-4611258528,-4678501890,-4779839384,-5841223939,-2885829890
Senegal,SEN,"Current account balance (BoP, current US$)",BN.CAB.XOKA.CD,-333178459.9,-245679364.7,-318328945.7,-437532364.4,-511345633.1,-676120143.8,-861979157.5,-1312527671,-1891367537,-857209520.7,-589477328.8,-1148183911,-1528004123,-1549868805,-1346796310,-944941214.6,-795648215.3,-1526269729,-2215256001,,,
Singapore,SGP,"Current account balance (BoP, current US$)",BN.CAB.XOKA.CD,10637117185,12959875204,13766983477,23730108772,22214276769,29728715646,39970902912,49113607686,29204144342,31827178902,54995996846,62068689196,52064046516,48311595940,56518685135,57574236721,56262606921,59382515343,57124643985,54272512355,58139144405,71926013224
Solomon Islands,SLB,"Current account balance (BoP, current US$)",BN.CAB.XOKA.CD,-40971278.02,-64838646.1,-67575809.4,-39920222.7,-18921689.01,-90202048.69,-42178037.16,-80170915.75,-79595554.78,-59587899.78,-144155577.4,-18772240.16,26390506.68,-38546482.69,-49565109.16,-36072912.86,-48803486.05,-62833337.72,-47815114.65,-153997549.5,-25059550.85,-78191576.99
Sierra Leone,SLE,"Current account balance (BoP, current US$)",BN.CAB.XOKA.CD,-112284399.8,-97874879.64,-73229457.02,-82819209.24,-99028904.53,-104937917.2,-95019083.35,-160133730.3,-225444460.3,-326984822.8,-585297612.8,-1913506550,-1210212775,-737095481.8,-472729593.3,-1003078053,-293860341,-679616980.2,-504851445.8,-583554519,-275637583.4,
El Salvador,SLV,"Current account balance (BoP, current US$)",BN.CAB.XOKA.CD,-430500000,-150300000,-405150000,-702197959.6,-641875012.7,-621590000,-765560000,-1216560000,-1532170000,-312196471.7,-532815819.1,-1111764528,-1239801103,-1518420127,-1213582708,-753757240.4,-550121069,-464589787.3,-859154620.8,-113356041.2,202947395.5,-1456501017
San Marino,SMR,"Current account balance (BoP, current US$)",BN.CAB.XOKA.CD,,,,,,,,,,,,,,,,,,,,,,
Somalia,SOM,"Current account balance (BoP, current US$)",BN.CAB.XOKA.CD,,,,,,,,,,,,,,,,,,,,,,
Serbia,SRB,"Current account balance (BoP, current US$)",BN.CAB.XOKA.CD,,,,,,,,-7524009950,-10537199511,-2799441099,-2692243536,-5088222385,-4726567861,-2794170204,-2634686972,-1370173586,-1190023037,-2322731263,-2459092309,-3535309660,-2176773516,-2742119116
Sub-Saharan Africa (excluding high income),SSA,"Current account balance (BoP, current US$)",BN.CAB.XOKA.CD,,,,,,,,,,,,,,,,,,,,,,
South Sudan,SSD,"Current account balance (BoP, current US$)",BN.CAB.XOKA.CD,,,,,,,,,,,,,,,-790185244.8,-500190000,-215665300,281712000,-315550000,-193950000,-1717500000,-6550000
Sub-Saharan Africa,SSF,"Current account balance (BoP, current US$)",BN.CAB.XOKA.CD,,,,,,,,,,,,,,,,,,,,,,
Small states,SST,"Current account balance (BoP, current US$)",BN.CAB.XOKA.CD,,,,,,,,,,,,,,,,,,,,,,
Sao Tome and Principe,STP,"Current account balance (BoP, current US$)",BN.CAB.XOKA.CD,-20080602.75,-26985121.78,-26594663.65,-28332843.6,-37041296.96,-36198730.36,-57659698.13,-64347011.9,-93506392.39,-78780635.06,-87575752.58,-105761604.5,-98870179.65,-81260661.02,-103936467.6,-68693728.21,-61493955.3,-73144971.77,-75131185.11,-90025980.22,-59595184.76,-95248349.94
Suriname,SUR,"Current account balance (BoP, current US$)",BN.CAB.XOKA.CD,,,,,,-146700000,220600000,324500000,325700000,111300000,650845840.3,431306071.2,162371256.4,-196005679.9,-416342200.8,-786434956.1,-160481931,69158192.69,-118713252.1,-448255079.4,259846201.3,176129827.1
Slovak Republic,SVK,"Current account balance (BoP, current US$)",BN.CAB.XOKA.CD,-694258356.3,-1742435399,-1954963121,-281938471.1,-4359155977,-5125148706,-5452492095,-4632972214,-6270398055,-3020735526,-4209659222,-4909247748,889408167.6,1797193193,1198842399,-1849289470,-2432487662,-1853472834,-2292976667,-3531960379,671914355.4,-2874844002
Slovenia,SVN,"Current account balance (BoP, current US$)",BN.CAB.XOKA.CD,-547500000,31300000,243800000,-215700000,-892500000,-680500000,-695267589,-2014619535,-2946457397,-545289950.7,-366494001,-431490929,600053680.1,1593081106,2548591736,1646306886,2143172203,3034815376,3229496489,3230324992,4058277153,2371951544
Sweden,SWE,"Current account balance (BoP, current US$)",BN.CAB.XOKA.CD,11688841495,14965935661,12452537010,19571954143,22902294715,23583338995,34468824245,39927516580,40802935942,25918197361,29195824932,31438301866,30417334378,30703928593,24497351413,16750093767,12153872131,16090176525,15003534097,29361457265,32372238604,34075053963
Eswatini,SWZ,"Current account balance (BoP, current US$)",BN.CAB.XOKA.CD,-45863820.92,9000849.674,33206128.06,89400978.16,71299923.15,-102646146.9,-196624544.9,-65542455.5,-231236050.9,-414313253.9,-388309494.7,-281718554.5,239938759.3,487018321,512086156.6,533323971,297421435.2,272798389.9,60731705.45,176144195.6,270941987.3,124463318.7
Sint Maarten (Dutch part),SXM,"Current account balance (BoP, current US$)",BN.CAB.XOKA.CD,,,,,,,,,,,,-4513407.821,92629050.28,4317877.095,-110798882.7,18217877.09,-26581005.59,47107300.07,74672509.59,-165038998.5,-290458249.9,-294319509.1
Seychelles,SYC,"Current account balance (BoP, current US$)",BN.CAB.XOKA.CD,-42923172.66,-153059092.7,-101269125,-9361727.07,-60318300.96,-174069439.8,-133767345.7,-194008401.1,-262947119.4,-189461793.6,-214390209.2,-301284994.9,-161313271,-158609330.7,-310403746.2,-256181312.9,-40998551.28,-36919818.69,-41776743.22,-53115413.53,-173236338.2,-154258503.8
Syrian Arab Republic,SYR,"Current account balance (BoP, current US$)",BN.CAB.XOKA.CD,1061000000,1221000000,1440000000,752000000,591500000,299000000,919800000,459575955.4,471951981,-1029525248,-367388473,,,,,,,,,,,
Turks and Caicos Islands,TCA,"Current account balance (BoP, current US$)",BN.CAB.XOKA.CD,,,,,,,,,,,,,,,107853944.1,153558244.8,247081152.4,35015932.7,172709259,,,
Chad,TCD,"Current account balance (BoP, current US$)",BN.CAB.XOKA.CD,,,,,,,,,,,,,,,,,,,,,,
East Asia & Pacific (IDA & IBRD countries),TEA,"Current account balance (BoP, current US$)",BN.CAB.XOKA.CD,,,,,,,,,,,,,,,,,,,,,,
Europe & Central Asia (IDA & IBRD countries),TEC,"Current account balance (BoP, current US$)",BN.CAB.XOKA.CD,,,,,,,,,,,,,,,,,,,,,,
Togo,TGO,"Current account balance (BoP, current US$)",BN.CAB.XOKA.CD,-139989979.3,-169278250.2,-140221703.1,-162288797,-207259847.2,-203975831.4,-176448087.6,-216046941.2,-222862246.1,-177380316.1,-199902525.5,-302102822.7,-294119033.9,-568417939.7,-458469871.8,-461024604.6,-436626626.2,-96643295.47,-184851586.4,-55443572.95,-20737721.12,
Thailand,THA,"Current account balance (BoP, current US$)",BN.CAB.XOKA.CD,9313150885,5100898194,4654204783,4771810541,2759369127,-7641770000,2314730000,15583700000,930870000,22189105412,11486104955,9426846325,-4899255872,-8833457142,11642907014,27752906127,43438000974,43951862494,28478892999,38256392431,21058127492,-10344764287
Tajikistan,TJK,"Current account balance (BoP, current US$)",BN.CAB.XOKA.CD,,,-15133800,-4763700,-57042100,-296209464.4,-372411193.8,-1193828245,-1058781537,-717468862.4,-581078617,-413318277.2,-681397759.3,-884792160.9,-316454568.7,-477074550.8,-290826735.9,158969311,-379682458.6,-185294843.9,335905954.5,734734978.3
Turkmenistan,TKM,"Current account balance (BoP, current US$)",BN.CAB.XOKA.CD,,,,,,,,,,,,,,,,,,,,,,
Latin America & the Caribbean (IDA & IBRD countries),TLA,"Current account balance (BoP, current US$)",BN.CAB.XOKA.CD,,,,,,,,,,,,,,,,,,,,,,
Timor-Leste,TLS,"Current account balance (BoP, current US$)",BN.CAB.XOKA.CD,,,,,,,540953514.1,1177204113,2021746754,1284956002,1671379454,2346045689,2736015438,2390035781,1106158842,224817400,-533075100,-339080239.5,-191147184.9,133979914.7,-308020206.2,1022347838
Middle East & North Africa (IDA & IBRD countries),TMN,"Current account balance (BoP, current US$)",BN.CAB.XOKA.CD,,,,,,,,,,,,,,,,,,,,,,
Tonga,TON,"Current account balance (BoP, current US$)",BN.CAB.XOKA.CD,,-13150662.75,-6334978.962,-12822927.51,-7539129.753,-24332160.88,-23696552.56,-49242000.99,-62713603.65,-93845899.27,-87437001.18,-83871330.43,-69820546.14,-42800210.41,-27630995.78,-44092179.86,-27154288.99,-29482091.57,-30865023.19,-4214305.017,-25780129.86,-19188011.41
South Asia (IDA & IBRD),TSA,"Current account balance (BoP, current US$)",BN.CAB.XOKA.CD,,,,,,,,,,,,,,,,,,,,,,
Sub-Saharan Africa (IDA & IBRD countries),TSS,"Current account balance (BoP, current US$)",BN.CAB.XOKA.CD,,,,,,,,,,,,,,,,,,,,,,
Trinidad and Tobago,TTO,"Current account balance (BoP, current US$)",BN.CAB.XOKA.CD,544300028.8,416000022.2,76400000,984700000,1792858665,3881346810,7124822194,5166460781,8499028923,1632776047,4172327322,4708371322,3866509698,5571337436,4154502755,2057150517,-776382745.6,1409192176,1625843496,1020143949,-1356410678,2900216991
Tunisia,TUN,"Current account balance (BoP, current US$)",BN.CAB.XOKA.CD,-821488065.6,-840473687.4,-746061146,-730485399.2,-441762124,-299283200.2,-619372288.3,-916917594,-1711248030,-1233748681,-2104443202,-3385748280,-3721384859,-3878661667,-4463103951,-3923736698,-3783414286,-4222408217,-4616855149,-3390569446,-2533496502,-2780959992
Turkiye,TUR,"Current account balance (BoP, current US$)",BN.CAB.XOKA.CD,-9920000000,3760000000,-626000000,-7554000000,-14198000000,-20980000000,-31161000000,-36946000000,-39425000000,-11360000000,-44620000000,-74402000000,-47960000000,-55856000000,-38851000000,-27314000000,-27038000000,-40877000000,-21740000000,5303000000,-35537000000,-13693000000
Tuvalu,TUV,"Current account balance (BoP, current US$)",BN.CAB.XOKA.CD,,-7807706.527,24993.03862,-6289347.946,-7060867.306,-4277782.775,6549253.461,-4364217.463,-3708563.571,-16906760.38,-14013751.3,-23862227.54,6428378.359,-4190398.876,-4472891.82,-17059921.38,-16462816.41,3800084.448,31789198.94,-6051143.818,9015041.14,20820354.89
Tanzania,TZA,"Current account balance (BoP, current US$)",BN.CAB.XOKA.CD,-428301944.4,-563686382.7,-45782682.63,-174205033.4,-483381776.3,-1092558910,-1102054172,-1714736151,-2577086335,-1809914738,-2210780020,-4380951348,-3764335915,-4987954732,-5061997449,-4477418358,-2739302454,-1782650409,-2262329733,-1512181908,-1121982598,
Uganda,UGA,"Current account balance (BoP, current US$)",BN.CAB.XOKA.CD,-358800000,-305583689.2,-151999890.3,-38435956.36,-1675020.251,49224086.17,-318190780.7,-562842782.4,-1223839164,-1048042886,-1609773704,-2087253428,-1655592193,-1751485257,-2165987727,-1671271709,-833463693.8,-1501650543,-1935913246,-2507669090,-3551944842,-3553417781
Ukraine,UKR,"Current account balance (BoP, current US$)",BN.CAB.XOKA.CD,1342000000,1324000000,3180000000,2901000000,6911000000,2534000000,-1619000000,-5251000000,-12781000000,-1736000000,-3016000000,-10233000000,-14335000000,-16518000000,-4596000000,5035000000,-1866000000,-3473000000,-6432000000,-4124000000,5267000000,-3249000000
Upper middle income,UMC,"Current account balance (BoP, current US$)",BN.CAB.XOKA.CD,,,,,,,,,,,,,,,,,,,,,,
Uruguay,URY,"Current account balance (BoP, current US$)",BN.CAB.XOKA.CD,-566322609.2,-497628346.3,381948864.7,-87260665.36,3124735.733,42278058.64,-391880827.9,-220452116.7,-1728989727,-381285464.9,-730841067.9,-1314605653,-2036452488,-2016296047,-1838382524,-147093522.5,474252220.7,7362693.397,-266620330.5,980513122.5,-448401741.4,-1072863116
United States,USA,"Current account balance (BoP, current US$)",BN.CAB.XOKA.CD,-4.02E+11,-3.94E+11,-4.56E+11,-5.22E+11,-6.36E+11,-7.49E+11,-8.17E+11,-7.37E+11,-6.97E+11,-3.80E+11,-4.32E+11,-4.55E+11,-4.18E+11,-3.39E+11,-3.70E+11,-4.08E+11,-3.96E+11,-3.61E+11,-4.40E+11,-4.46E+11,-6.20E+11,-8.46E+11
Uzbekistan,UZB,"Current account balance (BoP, current US$)",BN.CAB.XOKA.CD,,,,,,1146315494,1729456860,1807402755,3183216927,1759865924,2278861698,2783305982,1209283452,1315757466,2075922850,895641719.2,213236293.9,1477884038,-3593173924,-3365990039,-3007435364,-4825497239
St. Vincent and the Grenadines,VCT,"Current account balance (BoP, current US$)",BN.CAB.XOKA.CD,-23911111.11,-37388148.15,-41966955.56,-79475111.85,-103152103,-102198081.9,-119390337.4,-191745646.7,-230329511.9,-197326470.4,-208313126.7,-198878757,-192876717.8,-210276775.2,-190258499,-115814287.2,-103738567.3,-99326580.61,-89844223.1,-27903111.35,-131459704.4,-211642952.3
"Venezuela, RB",VEN,"Current account balance (BoP, current US$)",BN.CAB.XOKA.CD,11853000000,1983000000,7599000000,11796000000,15519000000,25447000000,26462000000,13464000000,31297000000,429000000,5585000000,16342000000,2586000000,4604000000,4919000000,-16051000000,-3870000000,,,,,
British Virgin Islands,VGB,"Current account balance (BoP, current US$)",BN.CAB.XOKA.CD,,,,,,,,,,,,,,,,,,,,,,
Virgin Islands (U.S.),VIR,"Current account balance (BoP, current US$)",BN.CAB.XOKA.CD,,,,,,,,,,,,,,,,,,,,,,
Vietnam,VNM,"Current account balance (BoP, current US$)",BN.CAB.XOKA.CD,1106000000,682000000,-604000000,-1931000000,-957000000,-560189000,-163741800,-6953100000,-10823000000,-6608000000,-4276000000,236000000,9429000000,7745000000,9359000000,-2041000000,625000000,-1649000000,5899353000,13101247000,15060000000,-3812000000
Vanuatu,VUT,"Current account balance (BoP, current US$)",BN.CAB.XOKA.CD,4994539.504,1818844.462,-17057093.24,-22153326.7,-22439202.45,-34047560.08,-30132346.11,-34414598.22,-141579314.1,10280152.56,-42177782.35,-60956769.37,-68614470.72,-5153066.319,42134229.79,-53311779.23,-17450028.71,-55705905.28,79580521.6,215520537.3,60619279.03,1892981.072
World,WLD,"Current account balance (BoP, current US$)",BN.CAB.XOKA.CD,,,,,,,,,,,,,,,,,,,,,,
Samoa,WSM,"Current account balance (BoP, current US$)",BN.CAB.XOKA.CD,,,,,-26156787.82,-47534045.75,-76679877.8,-45756167.32,-54246320.58,-11204735.28,-61554760.83,-81245612.82,-7705067.641,-44729930.08,-46461253.3,-12709700.52,-38432534.19,-9470273.054,23622226.27,34073470.57,-79679556.3,-118081377.5
Kosovo,XKX,"Current account balance (BoP, current US$)",BN.CAB.XOKA.CD,,,,,-259006651.2,-307856740,-283840976.3,-485256277.3,-924665475.2,-522387686.6,-677508208.8,-845469987.4,-379707017.6,-241164649.6,-501611181.1,-547387862.6,-530232049.6,-377958225,-600498295.8,-447233075.8,-541106312.9,-818350534.7
"Yemen, Rep.",YEM,"Current account balance (BoP, current US$)",BN.CAB.XOKA.CD,,,,,,624145917.4,205720000,-1508330000,-1251290000,-2527417759,-1054136270,-527366573.9,-334617315.7,-1530489957,-1488253311,-3026024546,-2418960821,,,,,
South Africa,ZAF,"Current account balance (BoP, current US$)",BN.CAB.XOKA.CD,-190556634.8,342639131.1,1009383967,-1541574879,-6413747384,-8015417923,-12154724638,-16193848409,-16395139537,-7863255558,-5421631418,-9254146536,-20346176600,-21400789699,-18344938660,-14944186632,-8521994957,-9056996806,-12182565029,-10036956878,6787840542,15568709507
Zambia,ZMB,"Current account balance (BoP, current US$)",BN.CAB.XOKA.CD,-662446600,-737031600,-663224352,-663221347,-444734000,-232041263.5,592523573.8,-174028007.3,-596535306,912561851,1525082952,1092799717,1371805759,-161482093,-387327907.9,-767651771,-953961606.2,-435005245,-342356590.8,140712285,961820713.8,2531160924
Zimbabwe,ZWE,"Current account balance (BoP, current US$)",BN.CAB.XOKA.CD,,,,,,,,,,-730469604.5,-1655385674,-2749517966,-2277579538,-2648761100,-2333838450,-1596669424,-697450488.9,-271191369,-1379626260,920472008.1,1096259600,
