Country Name,Country Code,Indicator Name,Indicator Code,1960,2000,2001,2002,2003,2004,2005,2006,2007,2008,2009,2010,2011,2012,2013,2014,2015,2016,2017,2018,2019,2020,2021,2022
Aruba,ABW,"Revenue, excluding grants (% of GDP)",GC.REV.XGRT.GD.ZS,,,,,,,,,,,,,,,,,,,,,,,,
Africa Eastern and Southern,AFE,"Revenue, excluding grants (% of GDP)",GC.REV.XGRT.GD.ZS,,,,,,,,,,,20.86191597,23.05409164,25.09443994,23.97684734,24.4989929,24.11128368,21.63525976,20.86892606,21.99565318,22.29374979,23.54717424,,,
Afghanistan,AFG,"Revenue, excluding grants (% of GDP)",GC.REV.XGRT.GD.ZS,,,,,,,,8.9675335,7.00919125,8.052705822,10.57508247,11.09194916,11.51016072,10.20062464,9.405609332,8.613730505,10.13111817,12.6780099,13.03926222,,,,,
Africa Western and Central,AFW,"Revenue, excluding grants (% of GDP)",GC.REV.XGRT.GD.ZS,,,,,,,,,,,,,,,,,,,,,,,,
Angola,AGO,"Revenue, excluding grants (% of GDP)",GC.REV.XGRT.GD.ZS,,52.78838514,41.63336076,26.62067825,29.58056797,27.31831195,24.42501626,46.10283619,44.98660198,42.66761077,22.25074637,34.9944447,44.59228515,36.22542423,35.70586261,30.88454851,18.77664497,15.72076938,16.36059143,21.98783462,21.79160744,,,
Albania,ALB,"Revenue, excluding grants (% of GDP)",GC.REV.XGRT.GD.ZS,,,,23.98073956,24.24588912,24.55080199,,,,,,,23.90031939,23.05071012,22.30494951,24.5250981,24.7381502,24.27857375,25.73313686,25.47744559,25.14138588,23.87263586,24.73992654,
Andorra,AND,"Revenue, excluding grants (% of GDP)",GC.REV.XGRT.GD.ZS,,,,,,,,,,,,,,,,,,,,,,,,
Arab World,ARB,"Revenue, excluding grants (% of GDP)",GC.REV.XGRT.GD.ZS,,,,,,,,,,,,,,,,24.92181832,19.55934792,,,,,,,
United Arab Emirates,ARE,"Revenue, excluding grants (% of GDP)",GC.REV.XGRT.GD.ZS,,,,,,,,,,,,,3.412981817,3.160618952,3.055523061,2.929661454,3.414653356,3.898085386,3.44936548,3.350959974,4.669206428,6.365496998,4.386896268,
Argentina,ARG,"Revenue, excluding grants (% of GDP)",GC.REV.XGRT.GD.ZS,,14.17761025,13.77750196,14.05611363,17.19970195,16.73477777,16.62165752,17.20175516,17.930073,18.97173415,20.13602103,21.24131643,20.19640807,21.1822346,21.56528296,22.33229437,22.1490803,21.25670131,19.33712397,17.70244839,18.73629958,17.487774,18.05189953,
Armenia,ARM,"Revenue, excluding grants (% of GDP)",GC.REV.XGRT.GD.ZS,,,,,,18.19838268,19.30485874,19.76331115,21.38497818,22.86029356,22.25324965,22.64795135,22.72642644,22.59780405,24.11681675,24.51455671,23.09249267,22.83472889,22.52546511,22.45363437,23.941241,24.14473231,23.41735369,
American Samoa,ASM,"Revenue, excluding grants (% of GDP)",GC.REV.XGRT.GD.ZS,,,,,,,,,,,,,,,,,,,,,,,,
Antigua and Barbuda,ATG,"Revenue, excluding grants (% of GDP)",GC.REV.XGRT.GD.ZS,,,,,,,,,,,,,,,,,,,,,,,,
Australia,AUS,"Revenue, excluding grants (% of GDP)",GC.REV.XGRT.GD.ZS,,25.90355805,27.07258211,25.98904282,26.59718398,26.5606401,27.0113501,26.95854657,26.4090991,26.60138252,24.48184793,23.30391398,22.71011835,23.44358262,24.46537516,24.37449839,24.5217627,24.86875112,24.82511081,25.83517626,26.085976,25.31049962,25.77067408,
Austria,AUT,"Revenue, excluding grants (% of GDP)",GC.REV.XGRT.GD.ZS,,43.77718785,45.53581389,44.52226258,44.08817624,43.85254097,43.5413114,42.98404421,43.00739596,43.74727479,43.89386039,43.51166678,43.56980422,44.16588965,44.8594734,44.70695692,45.12297832,43.58107251,43.55615538,43.70528524,44.08623834,43.45690538,44.72158188,
Azerbaijan,AZE,"Revenue, excluding grants (% of GDP)",GC.REV.XGRT.GD.ZS,,,,,,,,,,49.3018945,40.88985015,46.82891793,45.48135632,41.27397308,40.40579561,39.89639764,34.18370725,34.91986787,35.0758767,39.41662838,42.8140744,35.04004652,36.65485146,
Burundi,BDI,"Revenue, excluding grants (% of GDP)",GC.REV.XGRT.GD.ZS,,,,,,,,,,,,,,,,,,,,,,,,
Belgium,BEL,"Revenue, excluding grants (% of GDP)",GC.REV.XGRT.GD.ZS,,42.4166967,42.3916403,41.35753336,40.49645057,40.51496582,40.45148072,40.14753123,39.71367698,40.81032435,39.84817856,40.35527886,41.20315623,42.30608582,42.81526166,42.59620207,40.42014258,38.3610414,38.81556256,39.20460523,37.74053839,37.33070509,38.09266997,
Benin,BEN,"Revenue, excluding grants (% of GDP)",GC.REV.XGRT.GD.ZS,,,,,,,,,,,,,,,,,,,,,,,,
Burkina Faso,BFA,"Revenue, excluding grants (% of GDP)",GC.REV.XGRT.GD.ZS,,,,10.3986619,10.98233775,12.20347213,11.31449804,11.62446357,12.23409259,11.47775746,12.12912901,13.61963683,13.94071125,15.57449722,16.8259532,15.46513312,14.97638664,16.17725315,16.79796901,16.82275769,18.43938173,15.84924675,18.02200894,
Bangladesh,BGD,"Revenue, excluding grants (% of GDP)",GC.REV.XGRT.GD.ZS,,,8.555089124,8.874651108,8.715789667,8.656751736,8.948991334,8.778411937,8.81075448,9.512890631,9.643072677,9.743829346,10.46265743,11.14523027,11.16041237,10.86688561,9.844484139,8.522796112,8.071262697,8.704805357,8.855779494,8.640897823,9.538813352,
Bulgaria,BGR,"Revenue, excluding grants (% of GDP)",GC.REV.XGRT.GD.ZS,,,,,,,35.17021203,34.08301074,35.53109051,36.19378734,32.06416543,29.84985498,29.14552292,30.60310369,32.54168135,33.41721143,33.59174699,32.22030905,33.03403859,34.82019964,35.79260676,33.43792904,32.425669,
Bahrain,BHR,"Revenue, excluding grants (% of GDP)",GC.REV.XGRT.GD.ZS,,31.27081713,28.70475993,27.37610752,27.04046223,26.59137702,,,,,,,,,,,,,,,,,,
"Bahamas, The",BHS,"Revenue, excluding grants (% of GDP)",GC.REV.XGRT.GD.ZS,,11.60359662,11.05456591,9.994460183,10.15885972,10.42995862,11.22147781,12.59415279,12.58311563,13.57313319,13.18851208,12.81023984,14.41865865,14.17344478,13.09323017,13.15315613,14.59741295,16.80909877,16.75288099,15.99079634,18.39088745,21.5148029,17.02321508,
Bosnia and Herzegovina,BIH,"Revenue, excluding grants (% of GDP)",GC.REV.XGRT.GD.ZS,,,,,,,35.5107917,38.01585632,38.63243007,37.87841334,37.35762743,38.37019834,38.83560406,39.48127657,38.44867862,39.41685466,38.58886341,38.14102391,38.70530932,38.89807962,38.07863426,37.96618817,37.25460888,
Belarus,BLR,"Revenue, excluding grants (% of GDP)",GC.REV.XGRT.GD.ZS,,28.68127176,28.47617218,26.56771864,29.32297291,31.43575146,33.77856705,37.15209103,38.25131453,38.89177409,34.09953025,30.31542299,28.06336962,29.03956362,28.72201087,27.9218864,29.67688509,28.94264796,29.46718427,30.84731767,29.60110603,28.10312093,,
Belize,BLZ,"Revenue, excluding grants (% of GDP)",GC.REV.XGRT.GD.ZS,,15.17876344,15.57815993,16.10592052,16.34437596,16.38826916,17.92692439,18.4657179,19.63481722,19.82047426,20.03826242,21.92370075,21.56083188,20.61783543,21.42469006,22.35518291,22.02331096,22.21555418,23.59910103,,,,,
Bermuda,BMU,"Revenue, excluding grants (% of GDP)",GC.REV.XGRT.GD.ZS,,,,,,,,,,,,,,,,,,,,,,,,
Bolivia,BOL,"Revenue, excluding grants (% of GDP)",GC.REV.XGRT.GD.ZS,,17.80198043,16.90831898,18.37705153,18.79573461,20.24240529,22.97238824,23.20391303,23.26560601,,,,,,,,,,,,,,,
Brazil,BRA,"Revenue, excluding grants (% of GDP)",GC.REV.XGRT.GD.ZS,,,,,,,,,,,,28.99643707,29.10080306,29.66605027,28.65112223,27.37151454,29.2514316,29.67010526,27.82472985,28.58288523,29.1518761,26.18764272,28.37422542,
Barbados,BRB,"Revenue, excluding grants (% of GDP)",GC.REV.XGRT.GD.ZS,,,,,28.32868048,28.61808681,27.97996883,26.33279869,27.05785283,27.32481657,27.948539,26.57429189,27.72127478,25.95903154,24.73057052,24.91073516,26.6593395,29.62144655,,,,,,
Brunei Darussalam,BRN,"Revenue, excluding grants (% of GDP)",GC.REV.XGRT.GD.ZS,,,,,,,,,,,,,,,,,,,,,,,,
Bhutan,BTN,"Revenue, excluding grants (% of GDP)",GC.REV.XGRT.GD.ZS,,23.66449021,22.50050752,19.92034543,16.86882894,16.17775133,17.26022475,17.41260219,20.87065447,23.11286602,23.51979394,22.00030408,20.95840476,21.32028799,20.45508088,19.92381833,19.62512723,18.80250911,18.66730119,22.96081528,20.31934093,21.16909846,,
Botswana,BWA,"Revenue, excluding grants (% of GDP)",GC.REV.XGRT.GD.ZS,,,,,,,,46.5426472,43.09707781,40.57581731,40.26391923,36.70145238,36.62737125,38.6639086,40.50852783,39.94171187,35.32039,34.77393997,33.58084839,30.70783065,30.18298158,28.82397303,34.98386265,
Central African Republic,CAF,"Revenue, excluding grants (% of GDP)",GC.REV.XGRT.GD.ZS,,,,,,8.314400605,,,,9.394041269,9.110476263,9.207420981,8.625289336,9.554073472,,4.581282071,5.663160089,7.300229998,7.198194551,8.817987764,8.792084399,9.512235967,9.204779248,
Canada,CAN,"Revenue, excluding grants (% of GDP)",GC.REV.XGRT.GD.ZS,,20.86174115,20.16015238,19.32466384,19.06511458,18.69031327,18.52968507,18.53179328,18.69515612,17.62087819,17.64354364,16.89617213,16.92549814,16.92032366,16.95261766,16.97922249,17.8509095,17.86507551,18.0104464,18.52919391,18.29555219,19.15546928,19.25981367,
Central Europe and the Baltics,CEB,"Revenue, excluding grants (% of GDP)",GC.REV.XGRT.GD.ZS,,34.36022757,33.99962529,34.17148343,34.51013782,33.18847852,33.40418656,33.582,34.14509796,33.72401811,32.65888626,32.62403061,32.91238304,33.49859118,33.77451832,33.85428847,34.45297934,34.11574416,34.01508437,34.37610726,34.4090622,34.64625523,34.94839202,
Switzerland,CHE,"Revenue, excluding grants (% of GDP)",GC.REV.XGRT.GD.ZS,,18.02254781,17.1221836,17.21568954,16.99821342,16.71474666,16.81613466,16.70956625,16.40804519,17.24060046,17.23343562,17.06898975,17.29016619,17.16397915,17.36534966,17.13224846,17.74615141,17.45013488,18.15463237,17.67546501,17.90641173,17.95308489,18.77233449,
Channel Islands,CHI,"Revenue, excluding grants (% of GDP)",GC.REV.XGRT.GD.ZS,,,,,,,,,,,,,,,,,,,,,,,,
Chile,CHL,"Revenue, excluding grants (% of GDP)",GC.REV.XGRT.GD.ZS,,20.78553543,20.83787042,20.17491055,20.00618598,21.2431453,22.99470385,24.59132943,26.10232943,24.50143744,19.11544719,21.55008461,22.66091326,22.10488657,20.99279061,20.6564877,21.14235766,20.85709928,21.16804322,22.17403062,21.7083123,20.02923074,24.0453696,
China,CHN,"Revenue, excluding grants (% of GDP)",GC.REV.XGRT.GD.ZS,,,,,,,9.625040826,10.12516151,16.73450248,11.07653773,11.66270616,11.23107994,11.23872601,11.13895896,10.95623652,15.81817803,16.04302306,15.62992643,15.88317205,16.53589554,16.10057039,14.08608687,,
Cote d'Ivoire,CIV,"Revenue, excluding grants (% of GDP)",GC.REV.XGRT.GD.ZS,,,9.926424984,10.50195374,10.08614391,10.6855766,10.68830405,11.19380882,12.20292753,12.01804349,11.58707097,11.26065566,8.660484939,12.11102347,11.71300275,10.64433865,12.164214,11.83971194,12.16867115,12.0720726,12.33958622,12.443548,13.16180953,
Cameroon,CMR,"Revenue, excluding grants (% of GDP)",GC.REV.XGRT.GD.ZS,,,,,,,,,,,,,,15.86936479,15.81870256,16.33296162,15.48490098,14.51800493,14.69166468,15.15051992,14.84792253,13.12164302,,
"Congo, Dem. Rep.",COD,"Revenue, excluding grants (% of GDP)",GC.REV.XGRT.GD.ZS,,,,,,,,,,,,,,,,,,,,,,,,
"Congo, Rep.",COG,"Revenue, excluding grants (% of GDP)",GC.REV.XGRT.GD.ZS,,,30.59122199,30.34823507,29.70764839,31.23835785,35.79931821,41.71746089,36.85783327,47.21098834,28.87488727,34.59708187,38.74729619,32.8290856,34.91024255,31.6658702,20.85916294,20.65422675,,,,,,
Colombia,COL,"Revenue, excluding grants (% of GDP)",GC.REV.XGRT.GD.ZS,,15.49434966,,,22.83800135,,,,,21.90148986,20.94940946,21.57442543,23.49200854,26.33547975,24.49857035,23.44699431,24.10241628,24.22342128,22.5842862,23.47518717,25.57536851,24.04860616,23.67593056,
Comoros,COM,"Revenue, excluding grants (% of GDP)",GC.REV.XGRT.GD.ZS,,,,,,,,,,,,,,,,,,,,,,,,
Cabo Verde,CPV,"Revenue, excluding grants (% of GDP)",GC.REV.XGRT.GD.ZS,,,,,,,27.60384067,29.73053881,27.42633607,29.24268224,25.95550077,26.37161698,26.61343461,27.67053417,26.5602749,24.5954969,29.12256572,31.11348391,28.79389678,,,,,
Costa Rica,CRI,"Revenue, excluding grants (% of GDP)",GC.REV.XGRT.GD.ZS,,22.16012111,22.8622134,22.91987131,22.88267025,22.30813815,22.76469604,23.56773691,24.11211424,24.40793315,23.46397509,22.8675832,23.29766361,23.36151384,23.5886935,23.07074924,23.45720806,24.00799346,23.31859666,24.31677827,24.1566157,23.7019681,25.65172022,
Caribbean small states,CSS,"Revenue, excluding grants (% of GDP)",GC.REV.XGRT.GD.ZS,,,22.56643337,22.05978148,22.9932784,23.29840835,25.17849364,27.19211299,25.75839687,27.26706837,27.63487753,26.70622539,24.94081431,25.32992641,25.70927796,26.58632652,28.47075235,27.32293735,26.14535308,26.80810276,,,,
Cuba,CUB,"Revenue, excluding grants (% of GDP)",GC.REV.XGRT.GD.ZS,,,,,,,,,,,,,,,,,,,,,,,,
Curacao,CUW,"Revenue, excluding grants (% of GDP)",GC.REV.XGRT.GD.ZS,,,,,,,,,,,,,,,,,,,,,,,,
Cayman Islands,CYM,"Revenue, excluding grants (% of GDP)",GC.REV.XGRT.GD.ZS,,,,,,,,,,,,,,,,,,,,,,,,
Cyprus,CYP,"Revenue, excluding grants (% of GDP)",GC.REV.XGRT.GD.ZS,,53.56583978,55.26331593,54.73635911,57.6016555,58.11229804,61.99114248,62.84122244,68.14275553,65.55297652,35.78272338,36.14179179,35.58653092,35.54587212,36.23655555,39.48052025,37.93262351,36.2657659,36.90935339,37.50330967,37.87593804,37.30624994,39.84105485,
Czechia,CZE,"Revenue, excluding grants (% of GDP)",GC.REV.XGRT.GD.ZS,,30.67537084,31.51005418,31.49493382,35.12069623,32.35787656,31.18047505,31.16457337,31.76329882,30.67904899,30.02490947,30.51101088,31.46167845,31.94077055,31.99458049,31.05542268,31.30544141,31.79375397,31.74526678,32.130083,32.00134059,32.06505508,31.78886614,
Germany,DEU,"Revenue, excluding grants (% of GDP)",GC.REV.XGRT.GD.ZS,,29.90792237,28.99578374,28.85242844,29.44455749,28.17946361,28.10449633,27.86376138,27.57044268,27.80329002,28.78833722,27.99095305,28.3232228,28.55499015,28.54845537,28.5011768,28.50600427,28.40519469,28.55636088,28.93856691,29.17434917,28.96438923,29.2527799,
Djibouti,DJI,"Revenue, excluding grants (% of GDP)",GC.REV.XGRT.GD.ZS,,,,,,,,,,,,,,,,,,,,,,,,
Dominica,DMA,"Revenue, excluding grants (% of GDP)",GC.REV.XGRT.GD.ZS,,,,,,,,,,,,,,,,,,,,,,,,
Denmark,DNK,"Revenue, excluding grants (% of GDP)",GC.REV.XGRT.GD.ZS,,38.47747182,37.46599906,36.83483459,36.73746612,38.50582289,40.05859655,38.70316835,41.16950494,40.08831872,39.62889238,39.85895387,40.50537599,40.61773533,40.578863,42.67226626,39.49785365,38.68008451,38.98447757,38.04552514,40.32030336,40.05478966,41.70123362,
Dominican Republic,DOM,"Revenue, excluding grants (% of GDP)",GC.REV.XGRT.GD.ZS,,13.80254012,14.76591073,14.58189644,13.24183058,13.83717743,14.89441673,15.27992834,16.49446562,15.5131176,14.02192848,13.8469365,13.73373812,14.54268209,15.0291855,15.04112524,17.57838899,14.90293598,15.16246613,15.20918629,15.45832133,14.66062853,,
Algeria,DZA,"Revenue, excluding grants (% of GDP)",GC.REV.XGRT.GD.ZS,,,,,,,,,,,,,,,,,,,,,,,,
East Asia & Pacific (excluding high income),EAP,"Revenue, excluding grants (% of GDP)",GC.REV.XGRT.GD.ZS,,,,,,,10.33327456,10.86116501,16.84956553,12.26900773,12.40140111,12.01419941,12.1648325,12.13574194,11.9888074,16.00714144,16.04621083,15.5754473,15.74014554,16.33693149,16.00852328,14.12462952,,
Early-demographic dividend,EAR,"Revenue, excluding grants (% of GDP)",GC.REV.XGRT.GD.ZS,,,,,,,,,,20.15007098,18.62049974,20.40202474,20.68129733,21.10507104,20.82702569,20.07855616,19.19860963,18.8340927,19.02269363,19.27652425,,,,
East Asia & Pacific,EAS,"Revenue, excluding grants (% of GDP)",GC.REV.XGRT.GD.ZS,,,,,,,13.27086393,13.76765493,18.50020326,14.8256387,14.58259636,14.11468022,14.26340872,14.82856141,14.74101588,17.82136139,17.83738377,17.58100552,17.77743034,18.41265612,18.2751448,16.65888994,,
Europe & Central Asia (excluding high income),ECA,"Revenue, excluding grants (% of GDP)",GC.REV.XGRT.GD.ZS,,,,,,,,,,33.27582595,28.50875406,28.28235651,29.62510035,28.61253301,28.11592613,28.18903673,26.51146807,26.37105151,26.2380247,28.25459817,28.27784979,27.92910022,27.6942253,
Europe & Central Asia,ECS,"Revenue, excluding grants (% of GDP)",GC.REV.XGRT.GD.ZS,,34.15651575,33.94743873,33.92170763,33.48340874,33.29079021,34.14900894,34.2177377,34.51470373,34.80375606,33.62269815,34.43243152,34.13419303,33.80060648,34.19000897,34.07173567,33.61399388,33.57402091,33.64465834,34.033734,33.98338538,33.9510806,34.50949148,
Ecuador,ECU,"Revenue, excluding grants (% of GDP)",GC.REV.XGRT.GD.ZS,,,,,,,,,,,,,,,,,,,,,22.8021117,19.57289068,,
"Egypt, Arab Rep.",EGY,"Revenue, excluding grants (% of GDP)",GC.REV.XGRT.GD.ZS,,,,24.34969649,25.43113772,24.6404286,24.29166202,28.13898333,27.11709184,27.62393523,26.92007292,24.78382231,21.93074174,20.22821998,21.41630832,19.87671362,20.98862474,,,,,,,
Euro area,EMU,"Revenue, excluding grants (% of GDP)",GC.REV.XGRT.GD.ZS,,36.68956613,36.27163578,35.84977121,35.78483473,35.29494527,35.38998338,35.70020736,35.58676855,35.77115866,35.83626419,35.92665261,36.12820206,35.7187373,36.39816366,36.36042149,35.98192438,35.8349055,35.84946597,35.99183721,35.9028435,35.99509095,36.38530928,
Eritrea,ERI,"Revenue, excluding grants (% of GDP)",GC.REV.XGRT.GD.ZS,,,,,,,,,,,,,,,,,,,,,,,,
Spain,ESP,"Revenue, excluding grants (% of GDP)",GC.REV.XGRT.GD.ZS,,,,,,,,,,,,,,26.01580442,28.06823314,28.48564024,27.77017175,27.33691068,27.21747763,27.94812349,28.03391053,29.59537169,30.84761717,
Estonia,EST,"Revenue, excluding grants (% of GDP)",GC.REV.XGRT.GD.ZS,,33.58423889,32.87644648,33.67942546,34.12688266,33.85337642,32.19001223,33.29370849,33.60458363,33.87097318,38.55190712,35.9179364,33.78133669,34.12852893,33.89441707,34.64994858,35.60598665,35.55697996,35.03790906,34.82353351,35.65459409,35.27327999,35.23622406,
Ethiopia,ETH,"Revenue, excluding grants (% of GDP)",GC.REV.XGRT.GD.ZS,,,11.77992272,12.75484136,13.06429328,11.90404638,10.93646474,8.871432405,8.267382601,10.14310018,9.401886355,10.76183752,10.87647408,11.07044066,10.44028758,9.737452986,9.943344344,9.358219992,9.444828163,8.973363668,7.7882248,7.104626555,,
European Union,EUU,"Revenue, excluding grants (% of GDP)",GC.REV.XGRT.GD.ZS,,36.56167259,36.06179694,35.60248783,35.58365404,35.0985174,35.28126729,35.51287293,35.56891649,35.61905062,35.51049041,35.605568,35.78410104,35.4998859,36.09835718,36.0949333,35.74757873,35.62841647,35.64919075,35.77644408,35.73825511,35.80241286,36.20433074,
Fragile and conflict affected situations,FCS,"Revenue, excluding grants (% of GDP)",GC.REV.XGRT.GD.ZS,,,,,,,,,,,,,,,,,,,,,,,,
Finland,FIN,"Revenue, excluding grants (% of GDP)",GC.REV.XGRT.GD.ZS,,40.09835681,37.96775175,38.26354,37.62792506,37.42614545,37.59556006,37.77162125,37.41179867,37.38450055,35.76565225,35.25775607,36.7266336,37.1931535,37.54337538,37.53123535,37.37398586,37.62677112,36.7055382,36.76958135,36.66627755,35.20792462,36.56963722,
Fiji,FJI,"Revenue, excluding grants (% of GDP)",GC.REV.XGRT.GD.ZS,,,,,,24.57482261,24.12896825,25.66272392,,,,24.36500664,25.35759579,25.06703227,25.39096834,24.83053119,25.65663549,25.69796409,27.22863355,26.23780485,24.93409279,21.92240067,19.0519141,
France,FRA,"Revenue, excluding grants (% of GDP)",GC.REV.XGRT.GD.ZS,,42.46837348,42.7264985,42.01711897,41.51585916,41.45728422,41.78911097,42.17734373,41.63153665,41.57505094,40.98037515,42.53539161,42.32234356,43.18228374,44.17730302,44.30195859,44.03697726,43.85780767,44.36136898,44.01533276,42.96045142,42.95063037,42.54619392,
Faroe Islands,FRO,"Revenue, excluding grants (% of GDP)",GC.REV.XGRT.GD.ZS,,,,,,,,,,,,,,,,,,,,,,,,
"Micronesia, Fed. Sts.",FSM,"Revenue, excluding grants (% of GDP)",GC.REV.XGRT.GD.ZS,,,,,,,,,,12.98610804,12.79067669,12.19189874,12.0296648,14.50492607,17.78853482,28.68896443,28.37381793,27.14375716,31.3886455,44.68864558,38.36314393,27.14879191,,
Gabon,GAB,"Revenue, excluding grants (% of GDP)",GC.REV.XGRT.GD.ZS,,,,,,,,,,,,,,29.79216863,29.85773671,25.66528488,20.07516814,17.39206057,17.65452712,16.78200626,19.40734189,,,
United Kingdom,GBR,"Revenue, excluding grants (% of GDP)",GC.REV.XGRT.GD.ZS,,32.99925623,32.78516192,31.67060423,31.396511,32.49724199,33.50940204,33.34557728,33.67387074,34.3370098,32.0296904,38.13416308,33.4011132,32.80297401,33.65653068,32.82457254,32.98306401,33.44921456,33.94485777,33.86069407,33.44931172,33.66856371,34.99269781,
Georgia,GEO,"Revenue, excluding grants (% of GDP)",GC.REV.XGRT.GD.ZS,,14.28405951,15.11153731,14.71030043,14.22215995,21.18420651,22.41736871,24.47951037,27.27818381,26.10655888,25.55320805,23.06659457,24.48358825,25.21403151,25.94786854,25.94300218,27.64107853,28.38709677,28.4284719,25.84698449,26.35086431,24.86241417,25.15360664,
Ghana,GHA,"Revenue, excluding grants (% of GDP)",GC.REV.XGRT.GD.ZS,,,18.1061131,18.00960665,19.76682001,23.71214601,23.68846921,13.5938802,15.66687186,15.69415348,15.41849067,16.69153747,19.37171319,19.33926835,14.22625903,14.2150317,14.52980397,14.15894359,14.52053112,15.06928949,14.69480537,13.75450736,,
Gibraltar,GIB,"Revenue, excluding grants (% of GDP)",GC.REV.XGRT.GD.ZS,,,,,,,,,,,,,,,,,,,,,,,,
Guinea,GIN,"Revenue, excluding grants (% of GDP)",GC.REV.XGRT.GD.ZS,,,,,,,,,,,,,,,,,,,,,,,,
"Gambia, The",GMB,"Revenue, excluding grants (% of GDP)",GC.REV.XGRT.GD.ZS,,,,,,,,,,,,,,,,,,,,,,,,
Guinea-Bissau,GNB,"Revenue, excluding grants (% of GDP)",GC.REV.XGRT.GD.ZS,,,,,,,,,,,,,,,,,,,12.66050873,,12.39414862,,,
Equatorial Guinea,GNQ,"Revenue, excluding grants (% of GDP)",GC.REV.XGRT.GD.ZS,,,,,,,,39.88759507,36.8489171,34.50644593,33.37256245,26.64585267,28.30735635,27.94896431,25.01104102,24.20620204,26.36465746,16.81128585,17.39670201,19.79741795,18.58894212,14.05559989,15.25668781,
Greece,GRC,"Revenue, excluding grants (% of GDP)",GC.REV.XGRT.GD.ZS,,40.9714096,39.1724138,38.44286449,37.43385389,37.47086764,37.99544346,37.82172356,38.94417951,39.11766909,37.3238915,39.90201318,43.00563984,45.64269546,47.25257413,45.03713174,46.09373708,48.00332133,46.94936025,47.23886045,46.77798213,47.34352975,47.77222415,
Grenada,GRD,"Revenue, excluding grants (% of GDP)",GC.REV.XGRT.GD.ZS,,,,,,,,,,,,,,,,,,,,,,,,
Greenland,GRL,"Revenue, excluding grants (% of GDP)",GC.REV.XGRT.GD.ZS,,,,,,,,,,,,,,,,,,,,,,,,
Guatemala,GTM,"Revenue, excluding grants (% of GDP)",GC.REV.XGRT.GD.ZS,,10.15445641,12.18588593,12.69521436,12.4418005,12.3171708,11.93600439,12.705932,12.8512588,12.05314372,11.04873578,11.25089521,11.58863152,11.65362877,11.67480802,12.00206827,11.46277524,11.83870753,11.80454962,11.69443942,11.57742468,11.04329793,12.65707473,
Guam,GUM,"Revenue, excluding grants (% of GDP)",GC.REV.XGRT.GD.ZS,,,,,,,,,,,,,,,,,,,,,,,,
Guyana,GUY,"Revenue, excluding grants (% of GDP)",GC.REV.XGRT.GD.ZS,,,,,,,,,,,,,,,,,,,,,,,,
High income,HIC,"Revenue, excluding grants (% of GDP)",GC.REV.XGRT.GD.ZS,,27.27559138,26.60812642,25.35675375,25.05843461,24.97551172,25.64176537,26.08455101,26.16318285,25.78498979,24.47181724,25.38771825,25.18197934,25.63240973,26.65786359,26.51444653,26.32367561,26.1245123,26.58538224,26.01928853,25.97730994,26.10973136,26.8240407,
"Hong Kong SAR, China",HKG,"Revenue, excluding grants (% of GDP)",GC.REV.XGRT.GD.ZS,,,,,,,,,,,,,,,,,,,,,,,,
Honduras,HND,"Revenue, excluding grants (% of GDP)",GC.REV.XGRT.GD.ZS,,,,,19.95549574,20.75399594,20.74897386,21.10960405,22.06517739,22.7434666,20.42036453,20.55492071,20.89513057,21.18690682,22.33794308,23.11343354,23.36315517,,,,,21.76658162,,
Heavily indebted poor countries (HIPC),HPC,"Revenue, excluding grants (% of GDP)",GC.REV.XGRT.GD.ZS,,,,,,,,,,,,,,14.49467047,14.16779731,14.30862611,14.01114699,13.50187924,,,,,,
Croatia,HRV,"Revenue, excluding grants (% of GDP)",GC.REV.XGRT.GD.ZS,,40.32511169,39.58901212,39.10150569,38.12322291,37.181235,36.47286519,36.52988967,37.23775003,37.00449171,36.79566932,35.51058829,34.55827346,36.25059213,36.40212959,36.50566773,37.7676702,39.10699604,39.24647179,38.38565067,38.84616715,39.39197879,37.04829413,
Haiti,HTI,"Revenue, excluding grants (% of GDP)",GC.REV.XGRT.GD.ZS,,,,,,,,,,,,,,,,,,,,,,,,
Hungary,HUN,"Revenue, excluding grants (% of GDP)",GC.REV.XGRT.GD.ZS,,38.03051054,36.7835012,35.86054585,35.39065398,35.16735789,34.75916715,35.1775154,37.69923647,39.87448928,39.68554314,37.97649511,37.27717324,40.34002778,40.14429672,40.06131142,40.22121673,40.61100415,39.74727363,38.43614789,38.089452,38.03493942,36.02781476,
IBRD only,IBD,"Revenue, excluding grants (% of GDP)",GC.REV.XGRT.GD.ZS,,,,,,,15.31235817,15.93561558,20.00717855,17.89224434,16.74400597,17.72838487,17.96857205,17.94791416,17.71324114,19.70959403,19.67610283,19.42323253,19.34328371,20.05773937,20.60349307,18.92646228,,
IDA & IBRD total,IBT,"Revenue, excluding grants (% of GDP)",GC.REV.XGRT.GD.ZS,,,,,,,15.24208917,15.83696153,19.79027847,17.7755289,16.61927966,17.61511418,17.88518444,17.88060639,17.63016321,19.55211435,19.48079988,19.21071126,19.15549538,19.8339854,20.38222312,18.74018777,,
IDA total,IDA,"Revenue, excluding grants (% of GDP)",GC.REV.XGRT.GD.ZS,,,,,,,,,,,,,,,,,,,,,,,,
IDA blend,IDB,"Revenue, excluding grants (% of GDP)",GC.REV.XGRT.GD.ZS,,,,,,,,,,,,,,,,,,,,,,,,
Indonesia,IDN,"Revenue, excluding grants (% of GDP)",GC.REV.XGRT.GD.ZS,,,18.69870293,17.44436725,17.32347323,18.36550946,,,,19.787844,15.1082541,14.45685851,15.39553988,15.46843732,15.00494556,14.61652911,12.96669934,12.47382327,12.17664757,12.99328466,12.34853846,10.54063387,11.81959398,
IDA only,IDX,"Revenue, excluding grants (% of GDP)",GC.REV.XGRT.GD.ZS,,,,,,,,,,,12.41679155,12.28760054,12.67353588,13.59780896,13.45713045,13.86627529,13.61770785,13.00923461,13.33954469,12.79871034,,,,
Isle of Man,IMN,"Revenue, excluding grants (% of GDP)",GC.REV.XGRT.GD.ZS,,,,,,,,,,,,,,,,,,,,,,,,
India,IND,"Revenue, excluding grants (% of GDP)",GC.REV.XGRT.GD.ZS,,11.70342888,11.04005086,11.59413471,11.85312184,12.08292197,12.33509425,13.31678983,14.43959578,12.7597308,11.42028859,13.18359654,11.49599601,12.59987277,12.60899341,11.55062064,12.41520954,12.85101699,12.7267619,13.18853295,,,,
Not classified,INX,"Revenue, excluding grants (% of GDP)",GC.REV.XGRT.GD.ZS,,,,,,,,,,,,,,,,,,,,,,,,
Ireland,IRL,"Revenue, excluding grants (% of GDP)",GC.REV.XGRT.GD.ZS,,32.94065054,30.76909506,29.72729637,30.0611916,31.14668134,32.19437819,33.75573124,33.2246256,31.92276311,30.88443112,30.95448862,31.90982575,32.30302023,32.63861097,32.56376583,25.96441665,26.23031508,24.83848039,24.47719995,23.79382778,21.63088949,22.4390464,
"Iran, Islamic Rep.",IRN,"Revenue, excluding grants (% of GDP)",GC.REV.XGRT.GD.ZS,,21.62898407,21.95067774,23.99380791,24.0634079,24.69043346,30.92004884,29.9555044,28.46015168,26.43641505,25.37622816,,,,,,,,,,,,,
Iraq,IRQ,"Revenue, excluding grants (% of GDP)",GC.REV.XGRT.GD.ZS,,,,,,,,,,,,,,,,39.16943642,30.59581162,27.58450699,34.56372568,39.0612218,38.60382951,,,
Iceland,ISL,"Revenue, excluding grants (% of GDP)",GC.REV.XGRT.GD.ZS,,32.10514654,29.97503936,29.53377538,30.47115256,31.51351843,38.55035167,39.10637985,38.14343995,40.17799359,34.41367916,31.85728561,33.136931,34.10911549,33.64522023,35.20372157,32.36346226,47.96776549,33.78679392,33.0107371,30.25299619,29.3787585,29.03783902,
Israel,ISR,"Revenue, excluding grants (% of GDP)",GC.REV.XGRT.GD.ZS,,36.80532314,36.38007957,35.72007314,34.69303994,34.42954009,34.67999349,35.20327353,35.04381163,33.03935157,30.52331257,31.39884492,31.38223647,30.67315409,31.28544504,31.61217898,31.81147226,31.54234921,32.97513451,31.34774568,30.61897768,30.26586351,32.80796746,
Italy,ITA,"Revenue, excluding grants (% of GDP)",GC.REV.XGRT.GD.ZS,,37.13171245,37.00348,36.64482419,36.4368307,35.97763301,35.70570406,36.81701938,37.86270316,38.10058183,38.90903182,38.69093095,38.4027762,39.87647556,40.24241059,39.9018536,39.77273757,39.95183829,39.46388583,39.36228203,40.08530327,40.58817982,41.27941612,
Jamaica,JAM,"Revenue, excluding grants (% of GDP)",GC.REV.XGRT.GD.ZS,,26.09765304,24.25398392,24.89995684,27.52963375,27.54932453,26.65866608,26.94820723,28.46541375,27.69075532,28.17941086,27.41556102,25.96512319,26.22866828,27.72016516,26.70178803,27.46533101,28.38652441,29.59188235,31.02650935,30.78795608,29.25379581,,
Jordan,JOR,"Revenue, excluding grants (% of GDP)",GC.REV.XGRT.GD.ZS,,25.06209679,24.69459591,24.67412423,23.24415178,25.8013583,28.71403603,29.64179328,29.90693495,25.00039956,24.03757289,22.11731002,20.03086907,21.04579968,20.92863803,23.05305364,21.571876,22.00876831,22.73848212,23.43431014,21.805415,19.88560087,,
Japan,JPN,"Revenue, excluding grants (% of GDP)",GC.REV.XGRT.GD.ZS,,,,,,,,,,,,,,,,,,,,,,,,
Kazakhstan,KAZ,"Revenue, excluding grants (% of GDP)",GC.REV.XGRT.GD.ZS,,11.3256594,11.44340333,13.23433576,13.93640651,15.14458724,,,,,,21.411552,24.00306652,22.52402723,20.53231613,19.45438738,13.66643674,13.747856,16.16730161,16.00368309,14.93851668,11.84215599,12.33818235,
Kenya,KEN,"Revenue, excluding grants (% of GDP)",GC.REV.XGRT.GD.ZS,,,,,,,,,,,,,,,,19.56210588,19.35154294,19.06577553,21.1458722,18.67893421,19.09780507,17.65722454,18.65288227,
Kyrgyz Republic,KGZ,"Revenue, excluding grants (% of GDP)",GC.REV.XGRT.GD.ZS,,,,,,,,,,,,,,,,29.44860667,30.06601324,28.13084677,27.97023502,28.00423825,27.26689772,26.17923253,29.56800002,
Cambodia,KHM,"Revenue, excluding grants (% of GDP)",GC.REV.XGRT.GD.ZS,,,,10.29552598,9.391335099,9.819132447,9.660404236,9.795267403,11.18779972,12.51951968,10.84975297,11.47069427,11.55211329,12.63781184,13.74470323,16.57897293,16.57847147,17.36610756,18.55837505,19.91953384,22.79315983,19.94648292,18.1466895,
Kiribati,KIR,"Revenue, excluding grants (% of GDP)",GC.REV.XGRT.GD.ZS,,,,,,,,,,,,,54.96665126,68.07107632,77.2093572,97.96647137,121.0784526,92.45400914,99.08437947,113.6122938,125.5777278,108.7185104,104.2635077,
St. Kitts and Nevis,KNA,"Revenue, excluding grants (% of GDP)",GC.REV.XGRT.GD.ZS,,22.35722324,21.60698408,23.55345597,25.10983288,23.73848301,22.6099223,22.66893357,23.29432966,25.85549311,25.65779164,24.15229577,28.79258047,28.89594859,34.38715613,34.55083794,34.31139972,28.09612509,26.25064268,,,28.43959099,,
"Korea, Rep.",KOR,"Revenue, excluding grants (% of GDP)",GC.REV.XGRT.GD.ZS,,20.66300352,20.06500356,19.80836882,20.08876834,19.29133089,19.69231116,20.49362496,21.65870113,21.36588101,20.36564212,20.09507571,20.69234203,26.65220343,26.11512973,24.98844436,24.81399026,25.75718742,26.18468005,27.44892328,27.88016163,27.90250205,30.05717006,
Kuwait,KWT,"Revenue, excluding grants (% of GDP)",GC.REV.XGRT.GD.ZS,,,,,,,,,,,,,,,,,,,,,,,,
Latin America & Caribbean (excluding high income),LAC,"Revenue, excluding grants (% of GDP)",GC.REV.XGRT.GD.ZS,,,,,,,,,,,,23.56636236,23.90529591,24.48823547,23.96641084,23.30503954,24.29981933,24.52941147,23.40406068,23.37916917,23.95892362,22.28010779,23.58358896,
Lao PDR,LAO,"Revenue, excluding grants (% of GDP)",GC.REV.XGRT.GD.ZS,,,,,,,,,,,,,,,,,,,,,,,,
Lebanon,LBN,"Revenue, excluding grants (% of GDP)",GC.REV.XGRT.GD.ZS,,16.0311299,16.00932086,18.65232751,20.41486375,21.94495984,21.14406566,20.27019592,21.09046109,21.61723712,21.94521859,20.07475219,21.86023302,19.9441295,18.50552024,19.91764685,17.12476796,17.74008513,19.96837257,19.26917137,19.20868984,11.55744362,6.868045649,
Liberia,LBR,"Revenue, excluding grants (% of GDP)",GC.REV.XGRT.GD.ZS,,,,,,,,,,,,,,,,,,,,,,,,
Libya,LBY,"Revenue, excluding grants (% of GDP)",GC.REV.XGRT.GD.ZS,,,,,,,,,,,,,,,,,,,,,,,,
St. Lucia,LCA,"Revenue, excluding grants (% of GDP)",GC.REV.XGRT.GD.ZS,,19.26658165,18.35358519,18.45559671,17.50060015,18.67768826,18.81506455,18.91590124,19.49862803,20.12577618,20.37090501,19.33724552,19.1768198,18.69863058,19.25264017,19.08458438,19.71405558,20.16383169,19.42528246,,,,,
Latin America & Caribbean,LCN,"Revenue, excluding grants (% of GDP)",GC.REV.XGRT.GD.ZS,,,,,,,,,,,,23.56009365,23.91613491,24.4341201,23.90499696,23.19029674,24.14344344,24.35201595,23.2851876,23.3274898,23.80078944,22.16222088,23.59343303,
Least developed countries: UN classification,LDC,"Revenue, excluding grants (% of GDP)",GC.REV.XGRT.GD.ZS,,,,,,,,,,,,17.16065622,19.60985116,18.39511717,18.23690487,17.37454935,14.37875833,13.28815915,13.81899559,14.28617958,,,,
Low income,LIC,"Revenue, excluding grants (% of GDP)",GC.REV.XGRT.GD.ZS,,,,,,,,,,,,,,,,,13.69133737,13.37494509,,,,,,
Liechtenstein,LIE,"Revenue, excluding grants (% of GDP)",GC.REV.XGRT.GD.ZS,,,,,,,,,,,,,,,,,,,,,,,,
Sri Lanka,LKA,"Revenue, excluding grants (% of GDP)",GC.REV.XGRT.GD.ZS,,16.79691103,16.63985596,16.43096685,15.1585652,14.89190235,15.47903564,16.22565233,15.77410492,14.85618324,14.46952646,12.32760997,12.47839462,11.68754925,11.44502277,10.92869548,12.57700432,13.1558458,12.73017413,12.50639695,11.88424312,8.636019253,8.238622714,
Lower middle income,LMC,"Revenue, excluding grants (% of GDP)",GC.REV.XGRT.GD.ZS,,,15.35662994,15.89319953,16.1244244,16.42418992,,,,18.23432428,15.88026963,15.96260271,15.82323549,16.16552057,15.82576297,15.05661222,14.77808353,14.11817705,14.10410174,14.65388469,,,,
Low & middle income,LMY,"Revenue, excluding grants (% of GDP)",GC.REV.XGRT.GD.ZS,,,,,,,14.38633491,14.96657081,19.10688497,17.14655089,16.05478892,17.09127342,17.35820722,17.35146246,17.09688171,19.1167255,19.02151062,18.74591376,18.68526789,19.37220418,19.92340966,18.19695898,,
Lesotho,LSO,"Revenue, excluding grants (% of GDP)",GC.REV.XGRT.GD.ZS,,29.42045722,30.02755176,29.59057407,32.92513233,33.40202053,32.79595862,38.78515359,45.16486678,44.97334093,45.685976,41.30657086,37.18969484,43.76632852,42.36948183,42.02857026,39.17739819,35.41539921,38.32837993,37.06349734,35.85527932,38.09925613,36.31659733,
Late-demographic dividend,LTE,"Revenue, excluding grants (% of GDP)",GC.REV.XGRT.GD.ZS,,,,,,,14.8692545,15.16125055,20.28345099,16.70410122,15.91359529,17.3197135,17.4860045,17.32684657,16.98273248,19.71557406,19.68813064,19.43965286,19.32378657,20.16511213,20.02656177,18.38521817,,
Lithuania,LTU,"Revenue, excluding grants (% of GDP)",GC.REV.XGRT.GD.ZS,,34.58652518,31.0098798,31.39291847,31.10348495,30.80495041,31.39630207,31.69429081,31.53013667,32.26668518,32.18088699,30.18941791,28.8735878,28.91187631,29.096634,30.59569134,31.37607978,31.82201829,31.19384841,31.7981921,32.00626545,32.40565492,33.72084891,
Luxembourg,LUX,"Revenue, excluding grants (% of GDP)",GC.REV.XGRT.GD.ZS,,40.56719763,40.77568367,40.60197447,40.44762617,39.60390128,40.64438985,38.84014491,39.18126031,38.68297824,39.80357045,39.08472606,39.46753623,39.78680589,39.79081644,39.71959434,39.4391768,39.52131569,39.93050465,42.21353565,42.18955626,40.540767,41.02977455,
Latvia,LVA,"Revenue, excluding grants (% of GDP)",GC.REV.XGRT.GD.ZS,,39.07385487,37.32686712,37.29140066,36.48075754,36.81580697,36.88544083,38.90448154,37.26157429,36.25640259,38.10114355,38.03220671,39.29620174,39.45370833,39.57860465,39.79609352,39.69672709,41.043767,40.66077805,41.29951012,39.8404914,41.73601751,41.05636005,
"Macao SAR, China",MAC,"Revenue, excluding grants (% of GDP)",GC.REV.XGRT.GD.ZS,,17.9582459,20.15929084,20.08637813,23.11386814,23.71529061,24.44900683,24.42905877,28.97116935,33.16603596,32.88030176,36.53320874,39.85330127,38.92874582,38.25991708,37.26019393,31.75302151,30.23443159,31.88505565,31.32884951,32.82084497,27.63576602,25.21260634,
St. Martin (French part),MAF,"Revenue, excluding grants (% of GDP)",GC.REV.XGRT.GD.ZS,,,,,,,,,,,,,,,,,,,,,,,,
Morocco,MAR,"Revenue, excluding grants (% of GDP)",GC.REV.XGRT.GD.ZS,,,,22.94173223,21.92401245,22.65890867,24.76136947,25.75931515,28.10680468,30.92047859,28.27933936,26.57587318,27.03836866,27.98542649,27.16392965,24.51516745,23.69111211,23.32855472,23.36759416,23.87821327,23.68344854,26.56625135,24.06810541,
Monaco,MCO,"Revenue, excluding grants (% of GDP)",GC.REV.XGRT.GD.ZS,,,,,,,,,,,,,,,,,,,,,,,,
Moldova,MDA,"Revenue, excluding grants (% of GDP)",GC.REV.XGRT.GD.ZS,,24.5025487,21.24343708,24.79843595,26.7091495,28.78246753,31.6891533,33.30853108,34.24780086,34.36095483,32.6148672,26.33161474,25.60613501,26.12708756,25.09769892,25.95158516,26.37052451,25.42593101,27.10351007,27.70827538,27.10258872,27.93363095,28.65529045,
Madagascar,MDG,"Revenue, excluding grants (% of GDP)",GC.REV.XGRT.GD.ZS,,,,,9.186242535,10.41355709,9.420370566,10.05069097,10.24218711,11.68071248,8.770203939,10.64949644,9.694603567,9.166393234,9.53516758,9.291699307,9.789758105,10.05017816,10.87515576,11.44129141,11.56812824,10.60661086,11.12433307,
Maldives,MDV,"Revenue, excluding grants (% of GDP)",GC.REV.XGRT.GD.ZS,,29.97367526,21.5407004,22.45166347,21.80713892,21.21257878,25.20509113,25.97536573,27.14035679,23.72040826,17.65303073,,,,,,,,,,,,,
Middle East & North Africa,MEA,"Revenue, excluding grants (% of GDP)",GC.REV.XGRT.GD.ZS,,,,,,,,,,,,,,,,,,,,,,,,
Mexico,MEX,"Revenue, excluding grants (% of GDP)",GC.REV.XGRT.GD.ZS,,12.1102239,,,,,,,,20.64631982,17.69709336,18.04343497,18.91593457,18.74484474,18.8045337,18.34957805,19.01749403,19.79199352,19.98067889,18.84261143,19.031346,19.16684243,18.97329798,
Marshall Islands,MHL,"Revenue, excluding grants (% of GDP)",GC.REV.XGRT.GD.ZS,,,,,,,,,,21.8152657,20.41199629,20.49135565,20.26223035,19.95202546,22.17511538,23.71517376,27.33883341,31.56734491,37.9558813,32.58464517,32.98382997,31.28712937,,
Middle income,MIC,"Revenue, excluding grants (% of GDP)",GC.REV.XGRT.GD.ZS,,,,,,,14.40081367,14.99905871,19.17290882,17.18508722,16.0926026,17.13549996,17.40110306,17.39815217,17.13728076,19.17434709,19.08805558,18.81424042,18.7302467,19.41860354,19.97447038,18.24104693,,
North Macedonia,MKD,"Revenue, excluding grants (% of GDP)",GC.REV.XGRT.GD.ZS,,,,,,,32.4151771,31.00130665,31.85186502,32.17792668,30.45207442,28.92914639,28.33196176,27.8566883,26.32753838,26.05921398,26.95717503,26.42665814,26.4700723,26.82055116,28.33392375,27.69651942,29.19830772,
Mali,MLI,"Revenue, excluding grants (% of GDP)",GC.REV.XGRT.GD.ZS,,11.02417084,11.04620935,12.22504985,15.22967911,15.76020277,15.26846067,14.2186662,15.03344936,13.84008521,15.06607006,15.24581773,13.1378401,13.79415701,14.7275004,13.19790384,14.86356696,16.04804669,17.39816559,12.43100454,15.43376217,15.00646005,,
Malta,MLT,"Revenue, excluding grants (% of GDP)",GC.REV.XGRT.GD.ZS,,74.54068784,76.16497433,78.85392529,82.18947867,86.21437696,91.19961862,91.31048875,89.54085919,37.67728005,37.59473449,37.42656768,38.34185368,38.08588499,37.94246189,38.16713327,37.15219022,37.02635399,37.23956519,37.29712852,36.00417144,36.07205195,36.32727347,
Myanmar,MMR,"Revenue, excluding grants (% of GDP)",GC.REV.XGRT.GD.ZS,,5.652520186,5.318490625,6.0830021,5.757978066,6.993449876,7.668536335,,,,,,,20.70053081,21.25043595,23.30270857,19.48888107,18.02835896,17.30891075,7.576486096,15.39735972,,,
Middle East & North Africa (excluding high income),MNA,"Revenue, excluding grants (% of GDP)",GC.REV.XGRT.GD.ZS,,,,,,,27.00720685,27.88973615,27.25184756,26.8199262,25.78858455,,,,,,,,,,,,,
Montenegro,MNE,"Revenue, excluding grants (% of GDP)",GC.REV.XGRT.GD.ZS,,,,,,,,,,,,,,,,,,,,,,,,
Mongolia,MNG,"Revenue, excluding grants (% of GDP)",GC.REV.XGRT.GD.ZS,,24.35693491,25.42183716,24.75904215,30.24004508,,,37.6864723,37.58329266,30.81597363,26.83117813,29.02801557,28.59302404,25.61741613,27.68712746,25.15519106,22.81501596,21.14569212,24.8214247,28.50696314,30.71236899,29.22806774,28.99021665,
Northern Mariana Islands,MNP,"Revenue, excluding grants (% of GDP)",GC.REV.XGRT.GD.ZS,,,,,,,,,,,,,,,,,,,,,,,,
Mozambique,MOZ,"Revenue, excluding grants (% of GDP)",GC.REV.XGRT.GD.ZS,,,,,,,,,,,,16.36031849,19.00326051,20.93502948,24.26348913,27.62622601,24.44385226,21.63043558,24.0052787,23.2762858,28.74346383,23.02311794,25.7332075,
Mauritania,MRT,"Revenue, excluding grants (% of GDP)",GC.REV.XGRT.GD.ZS,,,,,,,,,,,,,,,,,,,,,,,,
Mauritius,MUS,"Revenue, excluding grants (% of GDP)",GC.REV.XGRT.GD.ZS,,20.49422104,18.87890053,19.20149958,20.3283522,20.16291618,20.37984772,18.96038049,17.98503983,20.28843921,22.70434884,22.11222346,21.91545667,22.57015663,22.09450705,22.45826787,11.16097697,22.19286828,21.55070565,21.88803917,22.33999625,24.25646403,21.43762789,
Malawi,MWI,"Revenue, excluding grants (% of GDP)",GC.REV.XGRT.GD.ZS,,,,,,,,,,,15.09118147,16.98820533,16.59125093,14.29452015,14.69952063,17.16726927,16.65116671,16.26042392,13.05653732,12.95065704,12.45029422,12.46975943,12.04640298,
Malaysia,MYS,"Revenue, excluding grants (% of GDP)",GC.REV.XGRT.GD.ZS,,17.47778485,22.66572967,21.79310201,22.11433989,20.96791886,19.55616305,20.70197274,21.02463937,20.75376199,22.25401507,19.4358718,20.33698462,21.40659685,20.94711049,19.94006469,18.61512174,16.99778667,16.06096608,16.0856461,17.47921687,15.87275095,15.12596578,
North America,NAC,"Revenue, excluding grants (% of GDP)",GC.REV.XGRT.GD.ZS,,20.60052917,19.56451442,17.5498849,16.97275683,17.00111989,17.97990745,18.62043333,18.66006044,17.70527648,15.8354325,16.44551764,16.65471595,16.76247246,18.64396387,18.7475292,18.98609365,18.59729427,19.25588057,17.67749933,17.49904671,17.91596022,18.70784542,
Namibia,NAM,"Revenue, excluding grants (% of GDP)",GC.REV.XGRT.GD.ZS,,30.00557242,28.83654326,29.55494379,26.04543108,26.37582261,28.20254091,32.36714097,33.02168752,32.86661247,31.2512965,27.86184596,32.52930962,35.3952734,35.83382456,36.96587772,35.65520126,32.24228241,35.13109012,34.01604204,38.40440217,31.59897151,30.43219112,
New Caledonia,NCL,"Revenue, excluding grants (% of GDP)",GC.REV.XGRT.GD.ZS,,,,,,,,,,,,,,,,,,,,,,,,
Niger,NER,"Revenue, excluding grants (% of GDP)",GC.REV.XGRT.GD.ZS,,,,,,,,,,,,,,,,,,,,,,,,
Nigeria,NGA,"Revenue, excluding grants (% of GDP)",GC.REV.XGRT.GD.ZS,,,,,,,,,,,,,,,,,,,,,,,,
Nicaragua,NIC,"Revenue, excluding grants (% of GDP)",GC.REV.XGRT.GD.ZS,,11.62966643,10.68284735,11.50285193,12.62719448,13.24778702,13.9047497,14.73699269,15.02661524,14.25743496,14.13539821,14.74183199,15.76069048,16.42063851,16.21684676,16.43459856,16.72806415,17.38271871,17.82581791,16.96198797,18.99986099,18.69380447,20.80851858,
Netherlands,NLD,"Revenue, excluding grants (% of GDP)",GC.REV.XGRT.GD.ZS,,38.11666633,37.34179185,36.46348204,36.25689827,36.3801423,36.76878756,38.2577248,37.55947478,38.77376012,37.66312124,37.91237932,37.86308793,38.2405822,39.08712524,39.0690333,38.12318118,39.06050369,39.22692801,39.3019521,39.54800106,39.67383526,39.79197904,
Norway,NOR,"Revenue, excluding grants (% of GDP)",GC.REV.XGRT.GD.ZS,,47.50899466,46.54300373,46.94271588,45.99194996,47.28645781,48.55132219,50.81375994,50.34391085,51.27080385,47.6513096,47.20223471,48.95596815,48.73499226,46.57553471,46.17369892,45.66606496,45.44301951,45.54139702,46.9522215,47.92141623,45.28440807,49.0433093,
Nepal,NPL,"Revenue, excluding grants (% of GDP)",GC.REV.XGRT.GD.ZS,,10.62036217,10.4516561,10.50293508,10.90520508,11.13753356,11.54794948,10.7436739,11.86918045,12.30038815,14.12985494,14.89835577,13.05668861,13.89090147,15.16888016,16.23388567,16.99260634,18.57593366,19.93732837,22.0168966,22.40134791,19.36542667,20.23189747,
Nauru,NRU,"Revenue, excluding grants (% of GDP)",GC.REV.XGRT.GD.ZS,,,,,,,,,,,,,,,,80.800439,84.45368463,91.78551336,92.3966421,108.4737934,135.7489764,150.9997156,,
New Zealand,NZL,"Revenue, excluding grants (% of GDP)",GC.REV.XGRT.GD.ZS,,,33.08145317,33.42305354,34.45370445,34.56327422,36.17668854,37.07413781,35.28041013,36.30824789,35.5401967,32.39936167,33.85943434,33.15137777,32.50098585,32.6785676,32.74188533,32.38575078,32.14456816,32.01664235,32.70237401,31.88090301,33.32320991,
OECD members,OED,"Revenue, excluding grants (% of GDP)",GC.REV.XGRT.GD.ZS,,26.68682604,26.56399602,25.31399394,25.00188304,24.93870482,25.61416736,26.05992958,26.12254124,25.68356373,24.39506588,25.0678691,24.96818249,25.41946387,26.48361355,26.39001363,26.42120256,26.31984598,26.64461771,26.04767656,25.9858344,26.12167161,26.86670108,
Oman,OMN,"Revenue, excluding grants (% of GDP)",GC.REV.XGRT.GD.ZS,,,,,,,,,,,,,,,,,,,,,,,,
Other small states,OSS,"Revenue, excluding grants (% of GDP)",GC.REV.XGRT.GD.ZS,,,,,,,,,,,,,,,,,,,,,,,,
Pakistan,PAK,"Revenue, excluding grants (% of GDP)",GC.REV.XGRT.GD.ZS,,13.41593861,,,,,,,,,,,,,,,,,,,,,,
Panama,PAN,"Revenue, excluding grants (% of GDP)",GC.REV.XGRT.GD.ZS,,,,,,,,,,,,,,,,13.62989015,13.21126674,13.09109571,13.90287435,13.6715984,12.32423206,12.17235651,,
Peru,PER,"Revenue, excluding grants (% of GDP)",GC.REV.XGRT.GD.ZS,,17.9469942,17.23087543,16.76092812,17.28027719,17.20398359,18.39385202,19.9437932,20.97070941,21.15142648,18.96166552,20.28603876,20.80256177,21.51329658,21.54920409,21.82969073,19.67956581,18.27656522,17.8234034,19.03796427,19.52900267,18.02390256,20.96214771,
Philippines,PHL,"Revenue, excluding grants (% of GDP)",GC.REV.XGRT.GD.ZS,,13.98347914,14.18373299,13.31405682,13.57727725,13.31541621,13.78183359,14.8884412,14.54989399,14.56694131,13.38311795,12.84705916,13.39827872,13.80323438,14.21555059,14.4354569,14.67705028,14.50973202,14.93213807,15.51845144,16.06915835,15.9052545,15.48054947,
Palau,PLW,"Revenue, excluding grants (% of GDP)",GC.REV.XGRT.GD.ZS,,,,,,,,,,19.45913363,19.63754618,19.40226186,20.96632855,22.06400981,22.65335715,24.61545464,25.37732893,25.29326418,27.02571289,27.14793894,24.78311832,24.8975784,,
Papua New Guinea,PNG,"Revenue, excluding grants (% of GDP)",GC.REV.XGRT.GD.ZS,,24.22556955,26.20363976,22.46746171,,,,,,,,,,,,19.26719915,16.93324069,13.9232871,13.90644183,15.42747804,14.19864882,12.92898139,,
Poland,POL,"Revenue, excluding grants (% of GDP)",GC.REV.XGRT.GD.ZS,,34.14346084,34.57957797,34.68445508,34.55566415,32.62425637,33.32187819,33.75411784,34.164233,33.58725422,31.52034402,32.13031802,32.75016558,32.94395435,32.58564062,32.46060103,32.67062966,33.02694521,33.76260973,34.4247324,34.50944989,35.05350622,36.24004744,
Pre-demographic dividend,PRE,"Revenue, excluding grants (% of GDP)",GC.REV.XGRT.GD.ZS,,,,,,,,,,,,,,,,,,,,,,,,
Puerto Rico,PRI,"Revenue, excluding grants (% of GDP)",GC.REV.XGRT.GD.ZS,,,,,,,,,,,,,,,,,,,,,,,,
"Korea, Dem. People's Rep.",PRK,"Revenue, excluding grants (% of GDP)",GC.REV.XGRT.GD.ZS,,,,,,,,,,,,,,,,,,,,,,,,
Portugal,PRT,"Revenue, excluding grants (% of GDP)",GC.REV.XGRT.GD.ZS,,35.32572913,34.98447273,36.15668372,35.56389524,35.81438379,36.30694813,36.5232688,36.78103948,36.6641303,35.49446281,34.40419464,36.32041721,36.25319809,38.55939767,38.273843,37.7497571,37.08556228,37.11323677,37.50404539,37.29491299,37.65314613,37.76227207,
Paraguay,PRY,"Revenue, excluding grants (% of GDP)",GC.REV.XGRT.GD.ZS,,,,,,,14.50332382,14.72985704,13.92578721,13.8477733,14.5930851,14.66345442,15.56154838,16.69200466,15.77998561,16.71820172,17.35848366,16.86487966,17.44313337,17.33177979,17.54612115,16.73197145,17.08159425,
West Bank and Gaza,PSE,"Revenue, excluding grants (% of GDP)",GC.REV.XGRT.GD.ZS,,,,,,,6.85468888,5.105040872,4.892958236,6.811670548,5.276863856,5.493949904,5.196467155,4.240532487,4.676878196,5.59683536,5.406248675,5.969125514,6.241941911,20.79435894,20.2905603,22.71969257,23.4855848,
Pacific island small states,PSS,"Revenue, excluding grants (% of GDP)",GC.REV.XGRT.GD.ZS,,,,,,,,,,,,,25.59441609,26.57583196,27.69166347,29.83212465,31.64482021,30.29616028,32.21866742,33.6874766,33.45404617,30.55157766,26.21028241,
Post-demographic dividend,PST,"Revenue, excluding grants (% of GDP)",GC.REV.XGRT.GD.ZS,,27.04845118,26.37872503,25.09662813,24.80055706,24.73399358,25.42123653,25.85327794,25.92291096,25.58466427,24.30588863,24.99200693,24.8374713,25.32605421,26.48199116,26.41642783,26.44919063,26.28923391,26.70076199,26.04436309,25.97946515,26.13604134,26.87907094,
French Polynesia,PYF,"Revenue, excluding grants (% of GDP)",GC.REV.XGRT.GD.ZS,,,,,,,,,,,,,,,,,,,,,,,,
Qatar,QAT,"Revenue, excluding grants (% of GDP)",GC.REV.XGRT.GD.ZS,,,,,,,,,,,,,,,,,,,,,,,,
Romania,ROU,"Revenue, excluding grants (% of GDP)",GC.REV.XGRT.GD.ZS,,32.03500299,30.83922672,31.4209816,31.22595322,31.10075145,31.15736178,31.6549997,32.69901579,30.71448181,28.68075082,30.08282064,29.89840146,29.97364908,30.95340443,31.72009059,32.84792678,30.14521422,29.03019975,29.74805711,29.55453055,29.99784867,30.37848906,
Russian Federation,RUS,"Revenue, excluding grants (% of GDP)",GC.REV.XGRT.GD.ZS,,24.57686735,27.1365197,31.72315221,27.58444667,26.84988668,30.28385756,28.69354764,31.32835809,33.68134989,25.50401797,26.05415694,29.14828493,27.23770032,26.5415006,27.15173471,24.47204767,24.26843082,24.48458569,27.51639632,27.48045175,27.74572635,27.32871653,
Rwanda,RWA,"Revenue, excluding grants (% of GDP)",GC.REV.XGRT.GD.ZS,,,,,,,,,,,,,,,,18.2617341,18.952485,20.03419649,19.79253468,20.4131266,20.72700684,21.36095099,,
South Asia,SAS,"Revenue, excluding grants (% of GDP)",GC.REV.XGRT.GD.ZS,,12.06619504,11.0437928,11.5471488,11.72007104,11.9086322,12.1826634,13.01103294,13.97189713,12.55007084,11.41698462,12.88910197,11.4690727,12.45392043,12.46047279,11.5042866,12.24852948,12.57824079,12.43719735,12.90421264,,,,
Saudi Arabia,SAU,"Revenue, excluding grants (% of GDP)",GC.REV.XGRT.GD.ZS,,,,,,,,,,,,37.40314099,44.39671577,45.16592784,41.16568439,36.67228214,24.97212645,21.47806817,26.77974189,29.58104845,30.76542046,29.64154095,,
Sudan,SDN,"Revenue, excluding grants (% of GDP)",GC.REV.XGRT.GD.ZS,,,,,,,,,,,14.34142304,11.43505383,11.30608753,9.412415167,10.27740695,11.04182063,10.31439658,8.774134825,,,,,,
Senegal,SEN,"Revenue, excluding grants (% of GDP)",GC.REV.XGRT.GD.ZS,,,,,,,,,,,,,,,,,19.19785289,20.81895695,21.34130046,19.77142807,,,,
Singapore,SGP,"Revenue, excluding grants (% of GDP)",GC.REV.XGRT.GD.ZS,,25.68156955,24.34835684,21.18310349,19.42535148,18.78179116,18.17527959,17.89727929,19.2502611,20.41493515,17.05451062,16.77906392,17.02096293,17.47680468,17.2396519,18.02089947,17.99710989,18.47958943,20.19264958,18.18400589,20.97971115,18.2721533,18.83979198,
Solomon Islands,SLB,"Revenue, excluding grants (% of GDP)",GC.REV.XGRT.GD.ZS,,,,,,,,,,,,,27.48404029,29.04023082,30.01998093,29.23232147,30.91200258,27.57126971,28.98213353,29.19694803,25.83657101,24.59418757,23.16186347,
Sierra Leone,SLE,"Revenue, excluding grants (% of GDP)",GC.REV.XGRT.GD.ZS,,,,,,,,,,,,,,,,,,,,,,,,
El Salvador,SLV,"Revenue, excluding grants (% of GDP)",GC.REV.XGRT.GD.ZS,,15.54197061,19.69300536,18.07616552,17.32798761,17.90552903,18.4399238,20.06388794,22.93943892,24.44057867,20.97363765,22.02958382,23.22825586,22.65606091,21.10685482,20.59227999,20.81504314,23.6888664,25.09742537,24.9488391,24.10240042,23.90219118,,
San Marino,SMR,"Revenue, excluding grants (% of GDP)",GC.REV.XGRT.GD.ZS,,,,35.74266612,34.21509756,35.84382035,34.82658278,35.30874006,35.05470408,36.16340405,37.98486229,37.39797013,40.16246477,44.2974058,41.7640333,43.69727215,43.04932868,42.39118867,40.83559059,41.14933749,41.65015607,39.65832547,,
Somalia,SOM,"Revenue, excluding grants (% of GDP)",GC.REV.XGRT.GD.ZS,,,,,,,,,,,,,,,,,,,0.000110098,0.000130756,0.000141343,0.000119155,,
Serbia,SRB,"Revenue, excluding grants (% of GDP)",GC.REV.XGRT.GD.ZS,,,,,,,,,36.20434037,36.06061626,34.58375619,34.45735595,33.00551711,32.84469098,37.43132879,38.95052704,39.0083629,39.76819934,40.60186934,40.27966135,41.08355378,41.2904029,36.2482687,
Sub-Saharan Africa (excluding high income),SSA,"Revenue, excluding grants (% of GDP)",GC.REV.XGRT.GD.ZS,,,,,,,,,,,,,,,,,,,,,,,,
South Sudan,SSD,"Revenue, excluding grants (% of GDP)",GC.REV.XGRT.GD.ZS,,,,,,,,,,,,,,,,,,,,,,,,
Sub-Saharan Africa,SSF,"Revenue, excluding grants (% of GDP)",GC.REV.XGRT.GD.ZS,,,,,,,,,,,,,,,,,,,,,,,,
Small states,SST,"Revenue, excluding grants (% of GDP)",GC.REV.XGRT.GD.ZS,,,,,,,,,,,,,,,,,,,,,,,,
Sao Tome and Principe,STP,"Revenue, excluding grants (% of GDP)",GC.REV.XGRT.GD.ZS,,,,,,,,,,,,,,,,,,,,,,,,
Suriname,SUR,"Revenue, excluding grants (% of GDP)",GC.REV.XGRT.GD.ZS,,,,,,,,,,,,,,,,,,,,,,,,
Slovak Republic,SVK,"Revenue, excluding grants (% of GDP)",GC.REV.XGRT.GD.ZS,,37.80185298,35.90253873,34.78019529,34.75968538,33.45001933,34.88078715,33.5526435,32.6505012,32.42514922,34.61254288,32.79099015,34.85417028,34.52820169,37.14768353,38.00606235,40.62730637,37.93384516,36.20942782,36.41471799,37.06223195,37.17899642,38.65258705,
Slovenia,SVN,"Revenue, excluding grants (% of GDP)",GC.REV.XGRT.GD.ZS,,,,40.18877543,39.92015783,40.21650858,40.67922569,39.81759206,38.48199048,38.67952542,38.28479092,38.80449981,38.54282123,39.48946732,39.8865534,39.74129233,40.71666582,39.12557203,38.92201077,39.15057105,38.80273672,38.36950606,39.685123,
Sweden,SWE,"Revenue, excluding grants (% of GDP)",GC.REV.XGRT.GD.ZS,,37.79310351,35.10928291,33.09926045,33.16900624,33.33725533,34.73382723,34.25732653,34.68652324,33.82216969,33.39758234,33.24278924,32.53838282,32.11008243,32.28156438,31.87991675,32.4256244,33.44434048,33.31945253,33.26042301,32.87105423,32.16260352,32.5648,
Eswatini,SWZ,"Revenue, excluding grants (% of GDP)",GC.REV.XGRT.GD.ZS,,,,,,,,,,,,,,,,,,,,,,,,
Sint Maarten (Dutch part),SXM,"Revenue, excluding grants (% of GDP)",GC.REV.XGRT.GD.ZS,,,,,,,,,,,,,,,,,,,,,,,,
Seychelles,SYC,"Revenue, excluding grants (% of GDP)",GC.REV.XGRT.GD.ZS,,38.73566163,,,,,34.30173118,38.86303387,29.38007557,29.86517598,29.69798674,32.7533344,35.52271941,36.51864859,33.86432785,33.00670739,33.03348566,34.88407572,34.21450452,35.64508081,,,,
Syrian Arab Republic,SYR,"Revenue, excluding grants (% of GDP)",GC.REV.XGRT.GD.ZS,,,,,,,,,,,,,,,,,,,,,,,,
Turks and Caicos Islands,TCA,"Revenue, excluding grants (% of GDP)",GC.REV.XGRT.GD.ZS,,,,,,,,,,,,,,,,,,,,,,,,
Chad,TCD,"Revenue, excluding grants (% of GDP)",GC.REV.XGRT.GD.ZS,,,,,,,,,,,,,,,,,,,,,,,,
East Asia & Pacific (IDA & IBRD countries),TEA,"Revenue, excluding grants (% of GDP)",GC.REV.XGRT.GD.ZS,,,,,,,10.33327456,10.86116501,16.84956553,12.26900773,12.40140111,12.01419941,12.1648325,12.13574194,11.9888074,16.00785125,16.04696024,15.57628218,15.74098532,16.33794086,16.00983504,14.12613638,,
Europe & Central Asia (IDA & IBRD countries),TEC,"Revenue, excluding grants (% of GDP)",GC.REV.XGRT.GD.ZS,,26.15358033,27.65948073,30.67762,28.23616901,27.60979029,,,32.41221572,33.24274084,29.03371578,28.94901066,30.08679625,29.30844393,28.90561562,28.985484,27.70756754,27.5294192,27.4611887,29.21378366,29.24035195,29.04940722,29.03653599,
Togo,TGO,"Revenue, excluding grants (% of GDP)",GC.REV.XGRT.GD.ZS,,,,,,13.61817604,13.58861301,14.91854133,15.9515649,14.87876323,15.92941387,17.50197753,17.35062533,18.09842609,19.02344101,19.96525334,20.435461,14.78928475,14.05074399,15.31217817,14.76164179,,,
Thailand,THA,"Revenue, excluding grants (% of GDP)",GC.REV.XGRT.GD.ZS,,15.47335014,16.77175682,16.19778158,18.30926526,18.30395424,19.65772991,18.74487141,18.2641241,18.81851613,17.43962195,18.99810689,19.81244756,18.93807079,20.60910785,19.68960637,20.54471087,19.81237354,19.11911048,19.50624038,19.25922164,19.36062526,18.46270939,
Tajikistan,TJK,"Revenue, excluding grants (% of GDP)",GC.REV.XGRT.GD.ZS,,10.62741367,11.25922459,,13.15323224,13.45097531,,,,,,,,,,,,,,,,,,
Turkmenistan,TKM,"Revenue, excluding grants (% of GDP)",GC.REV.XGRT.GD.ZS,,,,,,,,,,,,,,,,,,,,,,,,
Latin America & the Caribbean (IDA & IBRD countries),TLA,"Revenue, excluding grants (% of GDP)",GC.REV.XGRT.GD.ZS,,,,,,,,,,,,23.58013692,23.93282246,24.45445961,23.92712705,23.2098008,24.16121459,24.36319489,23.29892293,23.34293089,23.81201764,22.16355947,23.60792277,
Timor-Leste,TLS,"Revenue, excluding grants (% of GDP)",GC.REV.XGRT.GD.ZS,,,,,,,,,,,,274.4558458,345.0401991,337.8052036,248.953872,158.4136907,92.77673418,46.93008015,59.91698764,68.26419817,67.60858326,,,
Middle East & North Africa (IDA & IBRD countries),TMN,"Revenue, excluding grants (% of GDP)",GC.REV.XGRT.GD.ZS,,,,23.90090543,24.18008852,24.44096554,27.33429876,28.25955046,27.61475069,27.14467661,26.12150661,,,,,,,,,,,,,
Tonga,TON,"Revenue, excluding grants (% of GDP)",GC.REV.XGRT.GD.ZS,,,,,,,,,,,,,,,,,,,,,,,,
South Asia (IDA & IBRD),TSA,"Revenue, excluding grants (% of GDP)",GC.REV.XGRT.GD.ZS,,12.06619504,11.0437928,11.5471488,11.72007104,11.9086322,12.1826634,13.01103294,13.97189713,12.55007084,11.41698462,12.88910197,11.4690727,12.45392043,12.46047279,11.5042866,12.24852948,12.57824079,12.43719735,12.90421264,,,,
Sub-Saharan Africa (IDA & IBRD countries),TSS,"Revenue, excluding grants (% of GDP)",GC.REV.XGRT.GD.ZS,,,,,,,,,,,,,,,,,,,,,,,,
Trinidad and Tobago,TTO,"Revenue, excluding grants (% of GDP)",GC.REV.XGRT.GD.ZS,,,27.13826554,26.02060757,25.61887901,26.15165392,30.65275234,34.76474701,30.43997006,33.65436837,34.28354931,32.92791007,28.69359626,29.93614572,30.46067744,32.80386139,35.84847921,31.40939345,28.76680244,29.03134313,,,,
Tunisia,TUN,"Revenue, excluding grants (% of GDP)",GC.REV.XGRT.GD.ZS,,26.47638397,26.66160573,27.18077152,26.78949035,26.50771786,26.15318478,26.4106285,26.97550361,29.17652678,28.66054958,27.67132753,31.16128785,29.87618969,,,,,,,,,,
Turkiye,TUR,"Revenue, excluding grants (% of GDP)",GC.REV.XGRT.GD.ZS,,,,,,,,,,30.83969338,31.63348696,31.45244093,30.66820257,30.67521337,30.8343306,30.30974852,30.53090641,31.00342199,29.48088899,30.45702213,30.71121369,30.27300681,29.99366786,
Tuvalu,TUV,"Revenue, excluding grants (% of GDP)",GC.REV.XGRT.GD.ZS,,,,,,,,,,,,,,,,,,,,,,,,
Tanzania,TZA,"Revenue, excluding grants (% of GDP)",GC.REV.XGRT.GD.ZS,,,,,,,,,,,12.09783962,10.39666525,10.32013255,11.32346621,11.36283143,12.2379339,11.38312084,12.40269806,13.57081741,13.90603263,,,,
Uganda,UGA,"Revenue, excluding grants (% of GDP)",GC.REV.XGRT.GD.ZS,,,,,,,,,,,,,,,,,11.57741099,11.96162328,12.36598474,12.47650659,13.09570635,12.85399457,13.98623875,
Ukraine,UKR,"Revenue, excluding grants (% of GDP)",GC.REV.XGRT.GD.ZS,,25.86141897,25.6948976,28.19250395,28.80653907,29.64276149,33.88909419,34.86784492,32.93207617,34.27588217,33.34489917,33.1679703,34.98548153,36.09507839,34.76762282,33.68454517,35.75839408,31.20273316,32.57099845,32.1350394,31.86584374,32.31673846,30.00675511,
Upper middle income,UMC,"Revenue, excluding grants (% of GDP)",GC.REV.XGRT.GD.ZS,,,,,,,13.69627325,14.03038663,19.26750645,16.88604043,16.15393563,17.41051985,17.77745137,17.69783216,17.45204686,20.17131478,20.13949066,19.88314458,19.77977418,20.49937718,20.44686481,18.6404721,,
Uruguay,URY,"Revenue, excluding grants (% of GDP)",GC.REV.XGRT.GD.ZS,,24.68058691,24.84931682,24.77444793,24.86855009,25.60485367,26.33782782,27.36075616,26.50732311,26.51101508,29.22796701,29.91000748,30.0233745,29.94060602,31.10812826,30.85086966,30.44953406,33.25126971,30.06456691,31.75648558,31.13561419,30.84750601,,
United States,USA,"Revenue, excluding grants (% of GDP)",GC.REV.XGRT.GD.ZS,,20.57614574,19.50891325,17.38421414,16.77744096,16.84343831,17.92858722,18.62870763,18.65678435,17.71315483,15.66665028,16.40345028,16.62943918,16.74773749,18.8018464,18.91259579,19.09205998,18.66564488,19.37213844,17.59799598,17.42469511,17.80025544,18.6563207,
Uzbekistan,UZB,"Revenue, excluding grants (% of GDP)",GC.REV.XGRT.GD.ZS,,,,,,,,,,,,,22.90589143,25.0259205,21.70030229,20.9060785,19.64547187,19.72878027,17.4591299,21.39183228,20.28262044,21.49681819,,
St. Vincent and the Grenadines,VCT,"Revenue, excluding grants (% of GDP)",GC.REV.XGRT.GD.ZS,,22.54801423,21.77717406,23.20787594,23.15179986,21.88248979,21.56415945,22.59180262,22.5006467,24.74729263,24.18892346,24.87151203,23.99677224,23.97779708,22.40207411,25.71208243,24.42956327,26.95240884,25.45776747,,,,,
"Venezuela, RB",VEN,"Revenue, excluding grants (% of GDP)",GC.REV.XGRT.GD.ZS,,,,,,,,,,,,,,,,,,,,,,,,
British Virgin Islands,VGB,"Revenue, excluding grants (% of GDP)",GC.REV.XGRT.GD.ZS,,,,,,,,,,,,,,,,,,,,,,,,
Virgin Islands (U.S.),VIR,"Revenue, excluding grants (% of GDP)",GC.REV.XGRT.GD.ZS,,,,,,,,,,,,,,,,,,,,,,,,
Vietnam,VNM,"Revenue, excluding grants (% of GDP)",GC.REV.XGRT.GD.ZS,,,,,,,,,,,,,,,,,,,,,,,,
Vanuatu,VUT,"Revenue, excluding grants (% of GDP)",GC.REV.XGRT.GD.ZS,,,,,,,,,,,19.42867983,18.74930765,19.0565271,19.64896894,20.34170416,20.42200387,20.93477284,23.17830758,24.15685696,30.27439979,31.24668441,30.34257165,,
World,WLD,"Revenue, excluding grants (% of GDP)",GC.REV.XGRT.GD.ZS,,,,,,,22.08371315,22.57015496,23.92967997,22.73365859,21.48743299,22.32864193,22.30714532,22.63943338,23.2078977,23.82587969,23.66523331,23.46054042,23.73805286,23.62522342,23.91695467,23.44807826,25.99279878,
Samoa,WSM,"Revenue, excluding grants (% of GDP)",GC.REV.XGRT.GD.ZS,,,,,,,,,,,,,,26.88601259,27.95636812,29.75152633,28.5849211,28.8003812,30.14394848,30.88912544,33.26237942,32.53459161,33.47089268,
Kosovo,XKX,"Revenue, excluding grants (% of GDP)",GC.REV.XGRT.GD.ZS,,,,,,,,,,,,,,,,,,,,,,,,
"Yemen, Rep.",YEM,"Revenue, excluding grants (% of GDP)",GC.REV.XGRT.GD.ZS,,,,,,,,,,,,,,,,,,,,,,,,
South Africa,ZAF,"Revenue, excluding grants (% of GDP)",GC.REV.XGRT.GD.ZS,,23.06981538,24.00199517,22.70167597,22.70249076,24.08077882,25.7301385,26.92926906,27.25830597,26.87129411,24.99653909,25.51922672,25.97405476,26.52278568,27.41018622,28.87261306,29.64725819,29.040659,28.91315582,28.44166432,28.95507112,27.91361718,,
Zambia,ZMB,"Revenue, excluding grants (% of GDP)",GC.REV.XGRT.GD.ZS,,,17.45585659,15.73520421,15.33467688,15.71607471,15.19779617,14.2334568,15.22519215,14.99942554,13.2058222,14.36258762,17.46837706,16.6680893,16.23620937,17.73763416,18.29577164,18.13243575,16.8512124,19.41096249,19.59610456,19.61071875,21.91658253,
Zimbabwe,ZWE,"Revenue, excluding grants (% of GDP)",GC.REV.XGRT.GD.ZS,,,,,,,,,,,9.770814944,19.40730266,20.67280239,20.39504876,,,19.00340228,17.19471917,17.30453846,8.11695487,,,,
