Data Source,World Development Indicators,,,,,,,,,,,,,,,,,,,,,,,,
,,,,,,,,,,,,,,,,,,,,,,,,,
Last Updated Date,3/1/2023,,,,,,,,,,,,,,,,,,,,,,,,
,,,,,,,,,,,,,,,,,,,,,,,,,
Country Name,Country Code,Indicator Name,Indicator Code,2000,2001,2002,2003,2004,2005,2006,2007,2008,2009,2010,2011,2012,2013,2014,2015,2016,2017,2018,2019,2020,2021
Aruba,ABW,"Service imports (BoP, current US$)",BM.GSR.NFSV.CD,647804469.3,613134078.2,612463687.2,727407821.2,645329608.9,711667278.1,755192026.7,785418994.4,793910614.5,692569832.4,679329608.9,843351955.3,824469273.7,892554869.8,912039156.4,880534320.7,872420357.1,914191723.6,1038615624,1035623647,781263374.9,886502097.2
Africa Eastern and Southern,AFE,"Service imports (BoP, current US$)",BM.GSR.NFSV.CD,16719795415,16782290371,17178700126,20541007540,26454104773,32313512966,36848547049,47885554099,61451346527,55147506127,63288687127,74160170442,72155619367,72541217147,76656140954,65264221702,58299258400,61101159963,63549300602,59407659184,49216868507,55851379512
Afghanistan,AFG,"Service imports (BoP, current US$)",BM.GSR.NFSV.CD,,,,,,,,,752648599.8,851205292.7,1083164711,1557205638,1779846559,1528557316,1498617913,1216087291,1118283290,1240241386,1366859713,1212629755,1105211972,
Africa Western and Central,AFW,"Service imports (BoP, current US$)",BM.GSR.NFSV.CD,10780844462,12900309551,13779251377,15654760603,17269054266,19224752172,29851493172,37446757346,47456200113,40892277198,43995526563,50873497123,50558548134,52047161102,56063663978,49707883523,39939905617,51076516239,67962445135,82186596094,57198341313,
Angola,AGO,"Service imports (BoP, current US$)",BM.GSR.NFSV.CD,2699470000,3518130000,3321997947,3321133958,4802728156,6790983179,7511184833,12643245650,22139344809,19169414983,18754364334,23669885103,22144345920,23062085372,24957647237,17276227851,12616539042,13793293932,10089508253,8172270254,5602547200,7050364018
Albania,ALB,"Service imports (BoP, current US$)",BM.GSR.NFSV.CD,429300000,444100000,590210000,802615530.4,1054819876,1382890404,1573356057,1924437206,2371894665,2232379899,2004806425,2248279418,1870592893,1979736340,2068770733,1666903819,1770873915,2016609074,2309306039,2393721347,1342861970,1995919701
Andorra,AND,"Service imports (BoP, current US$)",BM.GSR.NFSV.CD,,,,,,,,,,,,,,,,,,,,558338907.3,504931994,
Arab World,ARB,"Service imports (BoP, current US$)",BM.GSR.NFSV.CD,94303098485,84297145364,88679424267,99076408938,1.20986E+11,1.44182E+11,1.81604E+11,2.21731E+11,2.75188E+11,2.66911E+11,2.8278E+11,2.9232E+11,3.12453E+11,3.35186E+11,3.88162E+11,3.56574E+11,3.29325E+11,3.55588E+11,3.86086E+11,3.82794E+11,2.78971E+11,3.23416E+11
United Arab Emirates,ARE,"Service imports (BoP, current US$)",BM.GSR.NFSV.CD,,,,,,,,,,,,,,,,,,,,,,
Argentina,ARG,"Service imports (BoP, current US$)",BM.GSR.NFSV.CD,9179703787,8437142433,4864120000,5590310000,6512540000,7496890000,8673972520,11027218520,13646484098,12536652813,14620732011,17649469312,18344325454,19008807884,18037663981,19028557043,21876362070,25201640554,24277430964,19645594222,12024049471,13071128655
Armenia,ARM,"Service imports (BoP, current US$)",BM.GSR.NFSV.CD,205254352.4,295461540.5,303091513.4,353316277.7,501535928.7,578071110.2,682025125.4,954199567.7,1148499729,1061985834,1273953432,1376439942,1503766151,1645016987,1733702538,1608894507,1601470580,1861149118,2191628793,2520585855,981294695.1,1338342327
American Samoa,ASM,"Service imports (BoP, current US$)",BM.GSR.NFSV.CD,,,,,,,,,,,,,,,,,,,,,,
Antigua and Barbuda,ATG,"Service imports (BoP, current US$)",BM.GSR.NFSV.CD,156070814.8,169074444.4,171447407.4,182466764.4,189979721.9,227365745.2,258710911.5,283461180,282322108.1,227570417.4,225046337.8,210923534.4,204079920.4,219518929.6,391870709.9,427281984,480429777.1,476894883.1,510176304.8,552985886.7,301122237.7,336956666.5
Australia,AUS,"Service imports (BoP, current US$)",BM.GSR.NFSV.CD,19339452052,17471509324,18485175749,22269637926,28343515426,31054904800,33268598508,42155002504,49691815671,42887582892,51589637033,62395164373,66763017034,73801079279,71095507401,63655911035,62585510221,68795319197,73541492189,72077060158,39270366668,41114560383
Austria,AUT,"Service imports (BoP, current US$)",BM.GSR.NFSV.CD,,,,,,35791150156,35229013137,41038319833,45276532790,39073103975,38748808838,44523534821,44107796911,51038394110,55204948406,47705645910,49748429078,55852310918,64037415611,65804577341,55662829059,66833979512
Azerbaijan,AZE,"Service imports (BoP, current US$)",BM.GSR.NFSV.CD,484509000,664865000,1306294000,2047255000,2736026000,2658800000,2938600000,3385200000,3915682000,3673459000,3929451000,5839501000,7429580000,8319931000,10386721000,8672851000,7522805000,8067752000,6752758000,6377143100,5461255000,5918282000
Burundi,BDI,"Service imports (BoP, current US$)",BM.GSR.NFSV.CD,42628467.82,38222644.18,42689159.9,45272210.01,86626033.25,134080770.6,202225941.5,182131825.3,258775214.7,176634108.2,168347820.9,212851142.7,214279580.4,238158757.1,269156057.7,228765806.3,214720243,237650649.4,229181726.3,,,
Belgium,BEL,"Service imports (BoP, current US$)",BM.GSR.NFSV.CD,,,37383284226,44452854205,50528947241,52477183490,54292258520,69958253214,89311354628,82483676091,87990967137,96856031290,99257792540,1.05241E+11,1.17587E+11,1.04312E+11,1.05119E+11,1.15231E+11,1.23946E+11,1.24445E+11,1.19032E+11,1.35872E+11
Benin,BEN,"Service imports (BoP, current US$)",BM.GSR.NFSV.CD,193446151.6,192261665.1,210738377.8,254710563.2,289954432.7,281344044,356307177.8,501402201.2,512087396.4,497884912.6,515197971.1,504534712.7,585120539.1,761202563.9,886562028.6,577250925.8,769508816.6,693637127.8,768750531.3,805664518.1,789857470,
Burkina Faso,BFA,"Service imports (BoP, current US$)",BM.GSR.NFSV.CD,,,,,,359366514.4,361014067.9,447619947.6,609058239.4,563044233.4,834136592.7,1144181586,1219044703,1426854559,1310242828,1166739431,1238999397,1373765104,1502766122,1461172398,1261807213,
Bangladesh,BGD,"Service imports (BoP, current US$)",BM.GSR.NFSV.CD,1647698337,1538206619,1410478401,1716979491,1951041070,2364509486,2538174128,3083429087,3756650256,3395036302,4389173272,5270736281,5578270816,6567826143,7770221502,7719476306,7801989800,8498343985,9619170020,9557782797,7926619917,10872044966
Bulgaria,BGR,"Service imports (BoP, current US$)",BM.GSR.NFSV.CD,1669638981,1882276103,1739681325,2428695335,3219136624,3403822881,4105572674,5202268997,5957716144,5034427678,3410420000,3567650000,4142760000,4295790000,5625240000,4882040000,5290090000,5899550000,5986730000,5995000000,4780440000,6033410000
Bahrain,BHR,"Service imports (BoP, current US$)",BM.GSR.NFSV.CD,756759707.4,765732633,945395266,906682659.6,1247797766,1416223404,1605239362,1700930851,2030053191,1740957447,1905053191,1778457447,6044680851,7051329787,6764414894,6592287234,7499734043,7800265957,8076861702,,,
"Bahamas, The",BHS,"Service imports (BoP, current US$)",BM.GSR.NFSV.CD,1025680000,973200000,1016149313,1092420000,1231300000,1286409095,1610870000,1579589808,1402901975,1196063000,1181098000,1292417000,1537661000,1628266000,1727820968,1277858820,1835538826,1812461442,1799488920,1830415287,1386810937,1682931370
Bosnia and Herzegovina,BIH,"Service imports (BoP, current US$)",BM.GSR.NFSV.CD,263138693.2,269078830.1,305143906.3,383618258.4,432226981.9,435565190.7,466721178.6,495300302.3,594952489.3,640447788.9,540907837.8,557218658,513221820.7,520789654.2,525086556.6,573649757.2,595317376.8,671507004,734716256.1,772684180,558129189.1,726295767
Belarus,BLR,"Service imports (BoP, current US$)",BM.GSR.NFSV.CD,552000000,802000000,853300000,871900000,1000200000,1141000000,1711100000,2098900000,2769100000,2238300000,3026100000,3373900000,4066300000,5278600000,5761000000,4414900000,4381400000,4826200000,5406100000,5852200000,4847000000,5669557271
Belize,BLZ,"Service imports (BoP, current US$)",BM.GSR.NFSV.CD,122605512.7,120177622.4,129826362.8,140983790.4,147090961,158792475.5,152159934.9,168156306.5,169575247.1,161746826.7,162391152.5,171083253.6,188071807.6,207790831.4,224590660.5,221357659.9,215682310.2,240520708.3,237857761.6,234691297.9,170386732,296138680.6
Bermuda,BMU,"Service imports (BoP, current US$)",BM.GSR.NFSV.CD,,,,,,,861920000,1115186853,1041507912,984175450.5,1013319127,896834813.4,898603799.3,895447496.5,987427804,888310455.9,944178453.1,949858033.3,1096634556,1071807591,796484714.4,839782685.6
Bolivia,BOL,"Service imports (BoP, current US$)",BM.GSR.NFSV.CD,467680000,399443800,433295000,550740000,606221071,681954426.2,824794485,896731585.6,1014028000,1012220000,1148813465,1650733456,1921422622,2331501739,3024822580,2835251388,2857927957,3081140402,3089472123,2871435058,1743792100,2059254942
Brazil,BRA,"Service imports (BoP, current US$)",BM.GSR.NFSV.CD,15977879404,16385409035,13883455496,14693267327,16407698293,23180378445,27789436025,35840056217,45745900958,45660728805,60908148118,74232900871,79099301450,84487200196,88171482555,70822380078,63853577144,72781999448,71373652965,69764511371,49517060519,50275341728
Barbados,BRB,"Service imports (BoP, current US$)",BM.GSR.NFSV.CD,380634377,359262866.4,376380699,450121368.7,431919841.7,522228354,529564424.4,574502119.6,662598789.8,627917354.8,670097175,520915376.8,540184200,745250119.6,687399401.5,712557509.1,691979664.6,686954662,,,,
Brunei Darussalam,BRN,"Service imports (BoP, current US$)",BM.GSR.NFSV.CD,,1053875852,876181695.7,1033761551,1075709467,1110128041,1213557773,1316836165,1402500474,1434187541,1269213960,1818050562,2639349620,2859224099,2186833136,1654012200,1644488334,1248997651,1575625756,1806316939,1206228993,896855112.7
Bhutan,BTN,"Service imports (BoP, current US$)",BM.GSR.NFSV.CD,,,,,,,64524892.47,89442902.27,120700608.6,98719404.64,140219792,176574874.2,195441610.5,177358380.4,189535352.6,195095979.2,207400265.8,209836191.4,228261957,219218302.2,225520503.9,136160925.7
Botswana,BWA,"Service imports (BoP, current US$)",BM.GSR.NFSV.CD,547443101,362000542.1,340046909.5,451464745.1,570323616.1,594002443,581101144,724358804.7,559631283,794781556.2,952785041.7,1059070797,1044284771,1090792626,1230231185,1118722459,1019067538,1130949848,1254059688,1370011046,1151303370,1210948746
Central African Republic,CAF,"Service imports (BoP, current US$)",BM.GSR.NFSV.CD,,,,,,,,,,,,,,,,,,,,,,
Canada,CAN,"Service imports (BoP, current US$)",BM.GSR.NFSV.CD,42970424017,42123325539,43532101581,50432044985,57656056409,65194728778,72942113508,82582819572,89925399192,83248040464,98437352800,1.07415E+11,1.14025E+11,1.15622E+11,1.14239E+11,1.04976E+11,1.0455E+11,1.11908E+11,1.22228E+11,1.2632E+11,97968576791,1.05337E+11
Central Europe and the Baltics,CEB,"Service imports (BoP, current US$)",BM.GSR.NFSV.CD,30241287609,32085059327,35592991697,44588497223,55171594068,64478896320,75843123843,94839000052,1.16403E+11,97721245343,99970677741,1.11336E+11,1.09091E+11,1.17833E+11,1.26152E+11,1.12899E+11,1.18386E+11,1.34007E+11,1.51828E+11,1.58159E+11,1.36481E+11,1.67012E+11
Switzerland,CHE,"Service imports (BoP, current US$)",BM.GSR.NFSV.CD,35819158189,35592554618,37724875681,44133082748,54989724488,59507149247,61533651749,71128504649,79788056375,83350513411,89131062525,1.07896E+11,1.11169E+11,1.16473E+11,1.26653E+11,1.22015E+11,1.25904E+11,1.35237E+11,1.40762E+11,1.41919E+11,1.4E+11,1.58324E+11
Channel Islands,CHI,"Service imports (BoP, current US$)",BM.GSR.NFSV.CD,,,,,,,,,,,,,,,,,,,,,,
Chile,CHL,"Service imports (BoP, current US$)",BM.GSR.NFSV.CD,4864288891,5054742510,5138705999,4990960804,6326927264,7525610333,8258522311,9452501031,11631279250,10079310824,12604050440,15365282654,15459016389,16051565796,15400984663,14128342206,14078917071,14804099323,16567154808,16547433677,13007792467,17937323011
China,CHN,"Service imports (BoP, current US$)",BM.GSR.NFSV.CD,36268639000,39457000000,46762744321,55546608068,72880614892,83970681426,1.00838E+11,1.3013E+11,1.58949E+11,1.5892E+11,1.93401E+11,2.47844E+11,2.813E+11,3.30608E+11,4.32883E+11,4.35719E+11,4.4155E+11,4.71995E+11,5.25735E+11,5.05508E+11,3.81414E+11,4.38357E+11
Cote d'Ivoire,CIV,"Service imports (BoP, current US$)",BM.GSR.NFSV.CD,,,,,,2272291849,2387526455,2647313508,2849793251,2786263540,2989695171,2804725289,2930697720,3222364009,3066919031,2785506355,2904248739,3340776442,3468091433,3403458224,3142307638,
Cameroon,CMR,"Service imports (BoP, current US$)",BM.GSR.NFSV.CD,1029797079,1140311210,1304751827,1225242548,1494813482,1463586080,1486600126,1766632745,2696901095,1969174039,1747257529,1984211622,2128519261,2566440234,2659419761,2198197371,2248397056,2441019962,2705153819,2822981461,2117330015,2497496801
"Congo, Dem. Rep.",COD,"Service imports (BoP, current US$)",BM.GSR.NFSV.CD,,,,,,1169200000,905800000,1617600000,2099600000,1817100000,2662700000,2889302281,2331577346,2595290020,3082202560,2191642101,2089362993,1722665695,2801739924,2260041493,2691407223,3947851793
"Congo, Rep.",COG,"Service imports (BoP, current US$)",BM.GSR.NFSV.CD,740171917.2,852910933.2,931256570.2,877396548.1,1018132521,1417711037,2428096823,2904212441,2707791228,3268391442,3328674412,3798438663,2876005818,2910131797,3740497383,3718475138,2216523041,,,1663076778,1041319621,
Colombia,COL,"Service imports (BoP, current US$)",BM.GSR.NFSV.CD,3435499035,3803932940,3546487228,3565191808,4276873207,5261068436,6003257895,7452916476,8732021628,8727171202,10625769186,12134769955,13968400601,14714215521,16219413726,13960164698,12981015919,14012970922,14893206512,14951803567,10133527781,14120852448
Comoros,COM,"Service imports (BoP, current US$)",BM.GSR.NFSV.CD,,,,36417934.82,41415560.16,45837110.82,54971269.84,63551508.86,79761628.27,84375022.17,94076670.97,107645274,103810443.2,,94585883.39,81982693.99,83841755.16,94638276.42,108412946.9,112911821.9,104393062.9,147982356.6
Cabo Verde,CPV,"Service imports (BoP, current US$)",BM.GSR.NFSV.CD,104320935,123659994.7,143183593,193570125.7,209514941.7,214671150,258984441,301380019.8,366454399.6,323146907.2,307853355.5,333881952.2,368297292.3,347296341.6,368250812.2,276447821.4,313045501.2,330238295.4,373053388.6,355696826.1,219102141.9,228507361.9
Costa Rica,CRI,"Service imports (BoP, current US$)",BM.GSR.NFSV.CD,1347920224,1187654706,1184438127,1290848832,1435822845,1511664439,1666816875,1935958305,1866649740,1475883372,1889337758,1949447654,2224247112,2385563960,2566783623,3084947874,3427283777,3837297134,4211934647,4614023131,4002059295,4627358687
Caribbean small states,CSS,"Service imports (BoP, current US$)",BM.GSR.NFSV.CD,4378564725,4376446389,4563068952,4720659764,5070904946,5514049273,5982174884,6457673834,6568510230,5583984646,5623830679,8166529829,8952046610,9211238768,10256738191,9856427567,10295784384,11111852759,11161700668,11378839055,9053642761,12838382328
Cuba,CUB,"Service imports (BoP, current US$)",BM.GSR.NFSV.CD,,,,,,,,,,,,,,,,,,,,,,
Curacao,CUW,"Service imports (BoP, current US$)",BM.GSR.NFSV.CD,,,,,,,,,,,,822966480.4,890446927.4,909715083.8,889217877.1,921279329.6,883726257,963890890,988103265.9,869755221.4,499589982.7,433587358.5
Cayman Islands,CYM,"Service imports (BoP, current US$)",BM.GSR.NFSV.CD,,,,,,,,,,,,,,,,,1098188129,1250154481,1389694065,1410917732,1273993113,
Cyprus,CYP,"Service imports (BoP, current US$)",BM.GSR.NFSV.CD,1585291689,1614610663,1767696721,2280970960,2650111291,2711883655,2977994250,3772674166,5788685646,5051085101,5343221152,5660902258,5526454066,6454546331,7140577792,6600300425,6925708394,8311537415,9089256873,10942116210,12493965656,14404040306
Czechia,CZE,"Service imports (BoP, current US$)",BM.GSR.NFSV.CD,5559786563,5656567784,6436791092,7508094925,9614252828,10809651732,12774227509,15337251661,18456408324,16272646315,17863181296,20310687934,20265456587,20386006050,22356403335,19755982688,19997367298,22034201013,25065175750,25806395117,21622548930,24570461698
Germany,DEU,"Service imports (BoP, current US$)",BM.GSR.NFSV.CD,1.36841E+11,1.41811E+11,1.45002E+11,1.72495E+11,1.95376E+11,2.09354E+11,2.24519E+11,2.58763E+11,2.88153E+11,2.51361E+11,2.63978E+11,2.97875E+11,2.95142E+11,3.28856E+11,3.37053E+11,3.01434E+11,3.16524E+11,3.49028E+11,3.75402E+11,3.76313E+11,3.15574E+11,3.86039E+11
Djibouti,DJI,"Service imports (BoP, current US$)",BM.GSR.NFSV.CD,71184609.58,66356817.71,61551533.02,67003899.37,77233416.42,83788635,89269135.33,107747536.9,129506361.1,127587623.3,119141800.9,163807316,160009227.9,643514527.2,531994314,533523800.8,520700778.5,730371109.1,586176091.9,625535249.1,513522529.1,613230625.5
Dominica,DMA,"Service imports (BoP, current US$)",BM.GSR.NFSV.CD,52688888.89,50037777.78,53877485.19,44745444.81,46348144.63,50193239.26,51984005.19,63987381.11,69945089.63,66240751.11,67597068.89,65870399.26,67608412.22,70434068.89,135829133.5,131137375.9,141436707.1,145664771.8,135658944.2,133599277.1,91083073.4,98552938.94
Denmark,DNK,"Service imports (BoP, current US$)",BM.GSR.NFSV.CD,21062673399,22120943280,24305144885,28254189265,33401024841,38415148905,47142116885,56634417196,66459219237,55573872664,55155680141,62178092337,61910415480,64080834818,64787276631,58222224437,59554172553,63229592687,73456152039,76391109474,72095904254,81226473248
Dominican Republic,DOM,"Service imports (BoP, current US$)",BM.GSR.NFSV.CD,1373300000,1283900000,1313500000,1219400000,1213170000,1478200000,1582010000,1772400000,1989400000,1857000000,2587500000,2899000000,2938500000,2778300000,2969800000,3174000000,3369600000,3307000000,3917100000,4258200000,3196900000,4398100000
Algeria,DZA,"Service imports (BoP, current US$)",BM.GSR.NFSV.CD,,,,,,4823000000,4837000000,6795522079,11088122210,11634437041,11847590715,12586338089,10873360994,10794635232,11807321608,11029027741,10879459440,11272716129,11804621909,9938816644,7439805752,6935755088
East Asia & Pacific (excluding high income),EAP,"Service imports (BoP, current US$)",BM.GSR.NFSV.CD,95200136459,97936733220,1.08817E+11,1.21323E+11,1.50448E+11,1.70126E+11,1.95288E+11,2.41474E+11,2.89138E+11,2.67852E+11,3.24328E+11,3.98976E+11,4.43838E+11,5.02324E+11,6.05231E+11,6.0072E+11,6.09062E+11,6.50976E+11,7.23893E+11,7.09319E+11,5.3257E+11,6.19401E+11
Early-demographic dividend,EAR,"Service imports (BoP, current US$)",BM.GSR.NFSV.CD,1.63414E+11,1.54299E+11,1.54523E+11,1.68515E+11,2.08597E+11,2.48917E+11,2.89047E+11,3.50265E+11,3.85599E+11,3.57685E+11,4.18155E+11,4.46897E+11,4.65824E+11,4.85219E+11,5.20483E+11,4.98581E+11,4.96311E+11,5.50162E+11,5.95079E+11,6.02981E+11,4.58379E+11,5.64747E+11
East Asia & Pacific,EAS,"Service imports (BoP, current US$)",BM.GSR.NFSV.CD,3.7521E+11,3.67264E+11,3.85673E+11,4.16009E+11,5.08037E+11,5.56442E+11,6.1449E+11,7.20935E+11,8.30165E+11,7.36732E+11,8.62754E+11,9.9331E+11,1.08722E+12,1.15474E+12,1.29922E+12,1.26245E+12,1.27525E+12,1.3744E+12,1.49709E+12,1.49991E+12,1.18826E+12,1.33871E+12
Europe & Central Asia (excluding high income),ECA,"Service imports (BoP, current US$)",BM.GSR.NFSV.CD,36406502430,41359972849,46698520802,55422582302,71795325806,84766680632,96539350286,1.25575E+11,1.53913E+11,1.28998E+11,1.45863E+11,1.68265E+11,1.94048E+11,2.22536E+11,2.17857E+11,1.73505E+11,1.58891E+11,1.80336E+11,1.94144E+11,2.00567E+11,1.42648E+11,1.70934E+11
Europe & Central Asia,ECS,"Service imports (BoP, current US$)",BM.GSR.NFSV.CD,7.70776E+11,7.97398E+11,8.5539E+11,1.0102E+12,1.21435E+12,1.32434E+12,1.45596E+12,1.72852E+12,1.94719E+12,1.7098E+12,1.78353E+12,1.98349E+12,1.98502E+12,2.14746E+12,2.29833E+12,2.15957E+12,2.19433E+12,2.38424E+12,2.6193E+12,2.72766E+12,2.40169E+12,2.70471E+12
Ecuador,ECU,"Service imports (BoP, current US$)",BM.GSR.NFSV.CD,1273302686,1441589129,1605859544,1629798451,1977923034,2147954890,2347270187,2577562936,3019019450,2624310923,3000671379,3156171307,3204352072,3466935470,3522965121,3202558983,3653427806,3726301697,3935704326,4143364959,2785473988,4592406044
"Egypt, Arab Rep.",EGY,"Service imports (BoP, current US$)",BM.GSR.NFSV.CD,7513000000,7036500000,6628975000,6473837500,8020025000,10508100000,11569200000,14342400000,17614900000,13935200000,14717700000,14069600000,16450400000,16407700000,17549600000,17518900000,17235300000,17820000000,18692712500,21193212500,18199462500,23126000000
Euro area,EMU,"Service imports (BoP, current US$)",BM.GSR.NFSV.CD,5.09664E+11,5.28597E+11,5.58479E+11,6.58165E+11,7.87844E+11,8.48673E+11,9.28249E+11,1.09762E+12,1.24274E+12,1.10314E+12,1.13319E+12,1.25198E+12,1.22256E+12,1.32143E+12,1.42926E+12,1.37767E+12,1.41976E+12,1.54532E+12,1.69381E+12,1.78195E+12,1.63113E+12,1.81662E+12
Eritrea,ERI,"Service imports (BoP, current US$)",BM.GSR.NFSV.CD,28480691.58,,,,,,,,,,,,,,,,,,,,,
Spain,ESP,"Service imports (BoP, current US$)",BM.GSR.NFSV.CD,32354408268,34254169624,37753395512,46138290964,54412727857,59789285629,67854760674,77305814260,81513053467,68899135266,65463888581,69001213273,61914833182,60143323596,66748972285,62179775990,65514992357,71697647982,82359418655,85957334654,61680454540,74561587698
Estonia,EST,"Service imports (BoP, current US$)",BM.GSR.NFSV.CD,869299635,952661582.4,1108885338,1418261842,1810809618,2255808464,2554563544,3180703193,3564533860,2624157940,2955409277,3810154939,4005323578,4771685132,4902734886,3985241981,4328520963,4788189375,5596084941,5765826697,6323681246,8373379537
Ethiopia,ETH,"Service imports (BoP, current US$)",BM.GSR.NFSV.CD,489601051.3,521522802.9,578741958.9,708671636.8,958289176.6,1193830180,1170553122,1748881495,2391598702,2223796381,2550105172,3425697837,3582647188,3460458450,4435677335,4883862669,5268705031,5074361081,6203130844,6170926072,5407636703,6526048194
European Union,EUU,"Service imports (BoP, current US$)",BM.GSR.NFSV.CD,5.78936E+11,5.9934E+11,6.34281E+11,7.51835E+11,8.98925E+11,9.76321E+11,1.07708E+12,1.27934E+12,1.4574E+12,1.28363E+12,1.31867E+12,1.46082E+12,1.42869E+12,1.54141E+12,1.66179E+12,1.58616E+12,1.63409E+12,1.78166E+12,1.95735E+12,2.05704E+12,1.87642E+12,2.10392E+12
Fragile and conflict affected situations,FCS,"Service imports (BoP, current US$)",BM.GSR.NFSV.CD,,,32357548132,38362224055,47515970821,52778579330,66465872768,83467562547,1.08055E+11,98777034131,1.10868E+11,1.21777E+11,1.30613E+11,1.389E+11,1.3768E+11,1.20042E+11,1.00526E+11,1.14862E+11,1.41706E+11,1.5865E+11,1.01969E+11,1.09243E+11
Finland,FIN,"Service imports (BoP, current US$)",BM.GSR.NFSV.CD,8476517852,8142737917,9756662360,12007644384,14436512984,17335670834,19267908888,23352309681,31894039892,28159647783,27536452532,29884236634,31485162440,31372645793,30808310523,27666618009,28536079481,30443575828,35473613083,36552292293,32848613942,36041466024
Fiji,FJI,"Service imports (BoP, current US$)",BM.GSR.NFSV.CD,338248302,293026335,283025571.6,399057617.6,475771335,529748677.1,536383141.1,518554031.4,622983872.4,465627397.2,448459348.2,539784945.2,574443911.7,605648793.3,603902110.6,567587197.5,575521850.3,653572561.6,730746422.1,791767307.9,497954526.8,509570959.8
France,FRA,"Service imports (BoP, current US$)",BM.GSR.NFSV.CD,84600825698,87182497673,94839842287,1.09696E+11,1.25651E+11,1.34294E+11,1.4634E+11,1.69398E+11,1.94898E+11,1.76297E+11,1.81652E+11,2.03139E+11,2.0252E+11,2.28185E+11,2.52694E+11,2.33351E+11,2.36706E+11,2.46948E+11,2.73846E+11,2.67032E+11,2.24555E+11,2.5799E+11
Faroe Islands,FRO,"Service imports (BoP, current US$)",BM.GSR.NFSV.CD,97170000,105250000,132060000,146900000,161094800.5,229782259.2,274095779.2,359214364.3,381873011.5,342645752.7,366119485.7,394203380.5,,,,,,,,,,
"Micronesia, Fed. Sts.",FSM,"Service imports (BoP, current US$)",BM.GSR.NFSV.CD,,,,,,,,,,86627300,80259500,78800000,80862300,80356200,76818400,,,,,,,
Gabon,GAB,"Service imports (BoP, current US$)",BM.GSR.NFSV.CD,852081764.2,706271219.1,750206384.1,832967547.4,934717393.5,1033956282,,993446692.5,1638906198,1649961516,1797615654,2558708826,2401878203,2701238561,2379256520,1877908403,,,,,,
United Kingdom,GBR,"Service imports (BoP, current US$)",BM.GSR.NFSV.CD,1.04278E+11,1.05416E+11,1.17556E+11,1.37548E+11,1.65492E+11,1.75856E+11,1.91838E+11,2.15396E+11,2.1621E+11,1.84956E+11,1.9119E+11,2.05531E+11,2.06019E+11,2.18752E+11,2.43514E+11,2.3895E+11,2.35288E+11,2.46518E+11,2.84019E+11,2.85624E+11,2.16253E+11,2.42728E+11
Georgia,GEO,"Service imports (BoP, current US$)",BM.GSR.NFSV.CD,296065643.6,310176380.7,365098211,398859808.8,485876167.3,635789813.8,733335073.6,934708036.5,1246189443,977642034.9,1092516146,1265208779,1453843800,1564625951,1737640681,1682980023,1741239755,1965794763,2246314593,2424650544,1455905287,1822270146
Ghana,GHA,"Service imports (BoP, current US$)",BM.GSR.NFSV.CD,583663076.9,606018637.5,620912458.7,921984271.6,1081786887,1273090963,1532818782,1998589935,2298064135,2943120000,3003230000,3666428552,4235934897,4897807097,4647069509,7308790109,7626261682,9475000000,10086482951,13497556265,12116810362,12338231773
Gibraltar,GIB,"Service imports (BoP, current US$)",BM.GSR.NFSV.CD,,,,,,,,,,,,,,,,,,,,,,
Guinea,GIN,"Service imports (BoP, current US$)",BM.GSR.NFSV.CD,285904365.6,317690765.5,329079000,307355814,282960000,288060000,305370000,306310000,446170000,336290000,401960000,576080000,891760000,723220000,544955228.1,503480341.1,708818194.6,755960000,798030000,850100000,2586070000,1165770000
"Gambia, The",GMB,"Service imports (BoP, current US$)",BM.GSR.NFSV.CD,,,,30250318.36,44732468.61,46882402.25,94075639.95,90978162.74,89664491.72,85689837.45,76855516.02,75820659.45,73528349.03,65909980.96,117303707.7,64620158.44,62115785.35,90674148.48,112664909.4,108077505.8,109163930.8,118870378.6
Guinea-Bissau,GNB,"Service imports (BoP, current US$)",BM.GSR.NFSV.CD,,30267168.49,27479661.64,36206105.71,44303753.56,41735221.93,39578105.65,68240427.15,85180951.08,86880735.98,102560621.2,99705379.55,72508584.55,87225137.1,116491561.7,130852336.5,82153510,155151783,165881064.9,166987354.4,132106321.9,
Equatorial Guinea,GNQ,"Service imports (BoP, current US$)",BM.GSR.NFSV.CD,,,,,,,,,,,,,,,,,,,,,,
Greece,GRC,"Service imports (BoP, current US$)",BM.GSR.NFSV.CD,11369782851,11651117820,9892554762,11369948821,14171105652,14906671674,16762809456,20598901192,25313361452,20261126564,20370016489,19637063386,16053041350,16329001857,16970660131,16723922997,14931124923,17669088149,21062376433,21311529645,17587227645,26070914258
Grenada,GRD,"Service imports (BoP, current US$)",BM.GSR.NFSV.CD,89197777.78,83377111.11,90689540.74,82988392.59,92373932.22,96196921.85,105310413.7,108495820.7,112969889.6,98102217.78,93996129.63,100200253,95369028.89,99010510,187166411.2,200005260.2,221778157.9,245867914.7,273918662.8,309565352.9,241636784.1,245037390.8
Greenland,GRL,"Service imports (BoP, current US$)",BM.GSR.NFSV.CD,,,,,,,,,,,,,,,,,,,,,,
Guatemala,GTM,"Service imports (BoP, current US$)",BM.GSR.NFSV.CD,824600000,926211081.4,1066054146,1126115940,1344300000,1449600000,1778400000,2041200000,2444638890,2197705210,2468775680,2685169550,2872040580,2962972200,3122476250,3161877300,3191883080,3308646950,3541272390,3641127600,2826135000,4087961780
Guam,GUM,"Service imports (BoP, current US$)",BM.GSR.NFSV.CD,,,,,,,,,,,,,,,,,,,,,,
Guyana,GUY,"Service imports (BoP, current US$)",BM.GSR.NFSV.CD,193200000,192400000,195800000,172100000,207588000,200891000,245417000,272539000,325193088.1,272420805.4,343838863.9,433751918,526341163.9,502691940.2,426215098.8,423310018.9,591232380.3,790275707.3,1133362558,1414773202,1801239820,2909989279
High income,HIC,"Service imports (BoP, current US$)",BM.GSR.NFSV.CD,1.38545E+12,1.38846E+12,1.46285E+12,1.65884E+12,1.97714E+12,2.15001E+12,2.37724E+12,2.7629E+12,3.09148E+12,2.76916E+12,2.95502E+12,3.24373E+12,3.30254E+12,3.46057E+12,3.72142E+12,3.57183E+12,3.63052E+12,3.9242E+12,4.25324E+12,4.40179E+12,3.76948E+12,4.24905E+12
"Hong Kong SAR, China",HKG,"Service imports (BoP, current US$)",BM.GSR.NFSV.CD,44496609532,44015099163,44119363636,43393394319,50280703075,56253395085,63704532146,68719306280,72609188864,61107878217,70398365757,74258833365,76618079455,75197163101,73964403143,74092823145,74478386990,77739349906,81642991497,80941656215,54945310546,61686527851
Honduras,HND,"Service imports (BoP, current US$)",BM.GSR.NFSV.CD,693838926.9,712511125.4,732222209.5,755806172,849536503.5,929438682,1035866464,1069230290,1239058011,964461235.8,1169457798,1447890013,1649734962,1689176462,1653748027,1665686902,1740812282,2066692433,2324820836,2419221605,1816700510,2598350580
Heavily indebted poor countries (HIPC),HPC,"Service imports (BoP, current US$)",BM.GSR.NFSV.CD,13763947855,14345282274,15624830198,16592687313,19651183592,22872058898,27185959604,32885307513,38458719961,36576942728,40705385458,48681016941,51414500302,55416314025,58473251341,55906899247,54023488824,57715128991,64544138607,66463632661,61795511926,
Croatia,HRV,"Service imports (BoP, current US$)",BM.GSR.NFSV.CD,1963178313,2063933216,2494034073,3181960512,3745717006,3614307612,3838279839,4248905390,5350518483,4460086716,4118842345,4271713098,4017717449,4030045324,3851601333,3637410068,3937963110,4665154418,5480527451,5693940213,4135407708,5302516485
Haiti,HTI,"Service imports (BoP, current US$)",BM.GSR.NFSV.CD,282000000,260450000,269620000,300960000,351550000,544370000,593360000,680250000,746035992.4,772089820.1,1277250866,1118982824,1116019200,1101924210,1087153961,1041578247,724765655.6,787291666.2,814548257.5,641434008.8,441411008,617571697.2
Hungary,HUN,"Service imports (BoP, current US$)",BM.GSR.NFSV.CD,4907058901,5708985946,7057183623,9427879829,10581682346,11762212986,12389866325,16293981185,18695280907,17121172403,16048868910,17818454450,15825697571,17610874900,18811408273,17046621400,17425345131,19096284300,20426610797,22183130875,18116835784,20168471925
IBRD only,IBD,"Service imports (BoP, current US$)",BM.GSR.NFSV.CD,2.66643E+11,2.75927E+11,2.89272E+11,3.26473E+11,4.05326E+11,4.78089E+11,5.4828E+11,6.79231E+11,8.03412E+11,7.31212E+11,8.7143E+11,1.01217E+12,1.09618E+12,1.20466E+12,1.32185E+12,1.23011E+12,1.22114E+12,1.33549E+12,1.45334E+12,1.45303E+12,1.09074E+12,1.2933E+12
IDA & IBRD total,IBT,"Service imports (BoP, current US$)",BM.GSR.NFSV.CD,2.9395E+11,3.05269E+11,3.19974E+11,3.61284E+11,4.4783E+11,5.28525E+11,6.13259E+11,7.57945E+11,8.97188E+11,8.13039E+11,9.64808E+11,1.12119E+12,1.21038E+12,1.32218E+12,1.44718E+12,1.34594E+12,1.32771E+12,1.45815E+12,1.60143E+12,1.61067E+12,1.21164E+12,1.42562E+12
IDA total,IDA,"Service imports (BoP, current US$)",BM.GSR.NFSV.CD,27246667550,29480329885,30837414540,34993509073,42596558964,50590291774,65258769022,79043289972,94176005332,82160618432,93786789345,1.09519E+11,1.1463E+11,1.17832E+11,1.256E+11,1.1608E+11,1.06691E+11,1.2304E+11,1.49112E+11,1.59294E+11,1.22352E+11,1.31735E+11
IDA blend,IDB,"Service imports (BoP, current US$)",BM.GSR.NFSV.CD,10540257154,12306308362,12812813261,15056738848,18721751098,22844153375,33117602917,40190218586,48845579043,39873066670,44693971669,51353702358,51195266934,48525682923,52447871973,45915159706,36790419786,47561893781,63307954743,70636238999,42950545760,43826200075
Indonesia,IDN,"Service imports (BoP, current US$)",BM.GSR.NFSV.CD,15637083130,15880142609,17044883633,17400415710,20856309281,22196827494,21560945150,24578378119,28470106457,23152014904,26460993705,31691424917,34224073081,35014246820,33540622407,30917551577,30407205820,32706819012,37691919314,39282377515,24771467209,28685935790
IDA only,IDX,"Service imports (BoP, current US$)",BM.GSR.NFSV.CD,16969107213,17209792059,18078126619,19864002605,23686910933,27417812910,31745186392,38373721803,44762695403,41736526314,48464685025,57487433962,62895259579,68957828009,72744792280,69895538504,69890629689,75451346799,85755822625,88608103298,80244873609,89381629523
Isle of Man,IMN,"Service imports (BoP, current US$)",BM.GSR.NFSV.CD,,,,,,,,,,,,,,,,,,,,,,
India,IND,"Service imports (BoP, current US$)",BM.GSR.NFSV.CD,19187986330,20098890498,21039210378,24877940963,35440956520,47166360582,58514164307,70174852290,55562861740,53030141320,78912971414,77758139080,79919618509,78722220355,81118589091,82643096048,95922439917,1.09371E+11,1.24182E+11,1.30535E+11,1.16037E+11,1.37974E+11
Not classified,INX,"Service imports (BoP, current US$)",BM.GSR.NFSV.CD,,,,,,,,,,,,,,,,,,,,,,
Ireland,IRL,"Service imports (BoP, current US$)",BM.GSR.NFSV.CD,,,,,,71405831986,80320884217,94894151408,1.10869E+11,1.03875E+11,1.07277E+11,1.15715E+11,1.12311E+11,1.17237E+11,1.39747E+11,1.75027E+11,2.19817E+11,2.31269E+11,2.40643E+11,3.31684E+11,3.72328E+11,3.45179E+11
"Iran, Islamic Rep.",IRN,"Service imports (BoP, current US$)",BM.GSR.NFSV.CD,2296000000,,,,,,,,,,,,,,,,,,,,,
Iraq,IRQ,"Service imports (BoP, current US$)",BM.GSR.NFSV.CD,,,,,,6094500000,5490000000,4865600000,7572000000,8563100000,9863500000,11124000000,13291000000,17551000000,18815600000,17812500000,15038960000,16268800000,18000300000,22864900000,13794600000,15985800000
Iceland,ISL,"Service imports (BoP, current US$)",BM.GSR.NFSV.CD,1102090671,1030047742,1078969331,1453994179,1764266350,2414592579,2430186797,2880036249,2424156454,1972185233,2184631959,2594962673,2739658810,2821716932,3107998060,2812621688,3193759883,3704009681,4159976734,3555887180,2298358438,2931595348
Israel,ISR,"Service imports (BoP, current US$)",BM.GSR.NFSV.CD,12047100000,11907800000,10834900000,11201700000,13358600000,14337000000,15301900000,18076500000,20333900000,17838700000,18736500000,20453900000,22257200000,22796100000,23670100000,24169200000,26213700000,29322400000,32146100000,33080200000,24980300000,32959800000
Italy,ITA,"Service imports (BoP, current US$)",BM.GSR.NFSV.CD,58695729983,61600639958,66836660768,78199246515,87465557314,94738875962,1.06373E+11,1.27867E+11,1.32472E+11,1.10043E+11,1.13614E+11,1.19932E+11,1.09462E+11,1.11391E+11,1.17331E+11,1.03036E+11,1.05395E+11,1.16898E+11,1.26637E+11,1.22835E+11,94671265454,1.16897E+11
Jamaica,JAM,"Service imports (BoP, current US$)",BM.GSR.NFSV.CD,1422500000,1513900000,1597395000,1586142367,1718690903,1722027977,2021063142,2281682536,2367116079,1880636334,1824399341,1946040829,2177419874,2058550271,2244698613,2160746711,2170632752,2322049627,2414435233,2632211204,1712195160,3147465810
Jordan,JOR,"Service imports (BoP, current US$)",BM.GSR.NFSV.CD,1722002821,1725854801,1882934111,1889280677,2145839210,2542031030,2970662906,3517349579,4126534688,3817605634,4419014085,4475492958,4544366197,4611549296,4634084507,4610563380,4693661972,4829577465,4863380282,4911126761,3095070423,4162253521
Japan,JPN,"Service imports (BoP, current US$)",BM.GSR.NFSV.CD,1.18299E+11,1.11086E+11,1.11251E+11,1.13473E+11,1.36866E+11,1.39013E+11,1.41407E+11,1.58677E+11,1.78976E+11,1.55754E+11,1.6488E+11,1.7578E+11,1.84689E+11,1.70878E+11,1.92573E+11,1.78614E+11,1.86422E+11,1.93048E+11,2.03432E+11,2.1943E+11,1.98035E+11,2.0842E+11
Kazakhstan,KAZ,"Service imports (BoP, current US$)",BM.GSR.NFSV.CD,1909420979,2803438549,3737203704,3845387586,5120727247,7521296453,8811083610,11868082468,11218929016,10081727604,11368542859,10972948361,14344549795,14083520490,13845946919,10897738242,9846945356,10082649586,11981368442,11418801134,8162047490,7634639506
Kenya,KEN,"Service imports (BoP, current US$)",BM.GSR.NFSV.CD,741066184.3,833233201.4,725738409.3,706112173.7,955234905.2,1152258436,1418941264,1690323118,1923553810,1840439515,2089123670,2139100585,2388633991,2206858066,3349534944,3320635761,2732435859,3091985355,3881144035,3854789280,3327106070,3999169559
Kyrgyz Republic,KGZ,"Service imports (BoP, current US$)",BM.GSR.NFSV.CD,148175569.3,124750341.7,146929126.2,159584724.7,222648590.1,290258406.4,459689557.2,604491501.3,909834347.4,746381673.9,801308805.6,963864864.8,1323134549,1109249197,1246829415,1055704845,1044531795,915763802,962935554,1020827594,604098008,739770133
Cambodia,KHM,"Service imports (BoP, current US$)",BM.GSR.NFSV.CD,327523783.8,347283783.8,375517776.1,433887504.3,514417926.3,641804793.3,803970336.8,816862164.6,900212028.7,842548638,1018379301,1387878223,1591813609,1790581753,2083756010,2242395055,2430495633,2745056646,3056262447,3273939808,2024672456,2104051066
Kiribati,KIR,"Service imports (BoP, current US$)",BM.GSR.NFSV.CD,,,,,,,33671226.18,43190311.5,47511806.87,50182870.18,52165985.43,68611706.41,68482311.33,68855688.52,79244290.31,82485220.34,88484837.04,81472455.09,69954550.87,70697102.53,40787112.84,56886472.41
St. Kitts and Nevis,KNA,"Service imports (BoP, current US$)",BM.GSR.NFSV.CD,76066666.67,75216296.3,78696725.19,80165982.22,80830557.41,94916332.22,101115767,103366280,125089981.9,100451979.6,111373461.1,115343824.1,119578717.8,126051258.1,212672939,216083351.4,221201076.7,209878671.5,226457676.3,252618486.8,141753180,162993667.2
"Korea, Rep.",KOR,"Service imports (BoP, current US$)",BM.GSR.NFSV.CD,33402100000,33042900000,36849400000,40605600000,50335000000,59521900000,70052200000,84452500000,97356100000,81879000000,96921500000,1.02616E+11,1.08192E+11,1.09653E+11,1.15192E+11,1.12124E+11,1.12148E+11,1.26435E+11,1.33047E+11,1.30684E+11,1.04266E+11,1.24296E+11
Kuwait,KWT,"Service imports (BoP, current US$)",BM.GSR.NFSV.CD,4920919995,5354738083,5838488950,6615180490,7495079742,8714726027,10638362947,13343820347,15777352861,13742570827,15784903368,19013151372,21097204164,21004020354,23786773434,23796426826,26347954128,28199967084,36835282619,30217644896,19179365209,21087948774
Latin America & Caribbean (excluding high income),LAC,"Service imports (BoP, current US$)",BM.GSR.NFSV.CD,59074739753,59125461734,54497707766,57330365777,64008106633,76382594407,85914415857,1.02528E+11,1.20747E+11,1.14569E+11,1.40131E+11,1.65555E+11,1.7554E+11,1.84798E+11,1.93419E+11,1.73236E+11,1.69578E+11,1.89446E+11,1.94273E+11,1.89989E+11,1.33664E+11,1.63184E+11
Lao PDR,LAO,"Service imports (BoP, current US$)",BM.GSR.NFSV.CD,43050000,30088747.34,28770913.93,28369829.81,31383416.92,38967442.06,37439479.79,43841213.18,107907640,135629073,263120607.2,330711322.3,738617641.7,1057145947,1150082000,1078484545,1022421805,1116354347,1249379393,1246250508,445476747.1,251995901.5
Lebanon,LBN,"Service imports (BoP, current US$)",BM.GSR.NFSV.CD,,,3353563539,6484884945,8228631900,7890186040,8730543632,9983184005,13458741689,14042727950,13033968321,12149212754,11501658669,12912726542,13213351357,13690639447,13280068524,13855776574,14327871398,13157180377,4802388739,4740552001
Liberia,LBR,"Service imports (BoP, current US$)",BM.GSR.NFSV.CD,,,,,779783760.5,855485070.3,1274644488,1248821647,1411138822,1145165378,352587070.5,448980619.9,558430473.8,635357793.4,672489966.2,295207318.4,222673572.3,234307567.5,204343552.2,309962420.3,,
Libya,LBY,"Service imports (BoP, current US$)",BM.GSR.NFSV.CD,895000000,1034000000,1544000000,1597000000,1914000000,2349000000,2564000000,2624100000,4344200000,5063000000,6127400000,4386400000,6995900000,8471500000,7456100000,4658400000,2883000000,4558400000,5062600000,7641900000,5186300000,
St. Lucia,LCA,"Service imports (BoP, current US$)",BM.GSR.NFSV.CD,133488888.9,130630370.4,129062754.4,145202184.8,152283463,176725610.4,185707791.9,205688834.1,215459951.9,189999533,204432982.2,202989120.7,190068591.9,187441570.7,305883903,340849867.5,349582448.2,381447093.1,406261892.8,441631831.4,228804190.2,317228541.3
Latin America & Caribbean,LCN,"Service imports (BoP, current US$)",BM.GSR.NFSV.CD,76709336757,76962735232,71491489570,74166989421,83991406272,1.00102E+11,1.11735E+11,1.36479E+11,1.61099E+11,1.51921E+11,1.83303E+11,2.2002E+11,2.35705E+11,2.48278E+11,2.54437E+11,2.27549E+11,2.19955E+11,2.43279E+11,2.5091E+11,2.46188E+11,1.74652E+11,2.15661E+11
Least developed countries: UN classification,LDC,"Service imports (BoP, current US$)",BM.GSR.NFSV.CD,14431599618,15665954948,15927574719,17221182085,21550841693,26849541324,31101772202,41519883576,57161338943,51838819512,56896962094,69876501654,71555552639,76673300123,82775542941,70186441346,64506139360,67907236285,72368757220,69093644284,61486783428,68560660051
Low income,LIC,"Service imports (BoP, current US$)",BM.GSR.NFSV.CD,,,,,,13418615857,15898526357,19888219757,23843750075,21669010609,25731398613,31887372789,33873087780,35717322476,37704263396,34001337760,32401984525,32459390013,38814167594,36975707639,38279015912,38227206430
Liechtenstein,LIE,"Service imports (BoP, current US$)",BM.GSR.NFSV.CD,,,,,,,,,,,,,,,,,,,,,,
Sri Lanka,LKA,"Service imports (BoP, current US$)",BM.GSR.NFSV.CD,1621448087,1749466000,1584300000,1679068000,1907861000,2088704090,2393610000,2601750000,3009920000,2522460000,3112655000,4011921000,2538410701,3505234576,3724867053,4071880011,4258879361,4421432705,4607860000,4624910000,2215960018,
Lower middle income,LMC,"Service imports (BoP, current US$)",BM.GSR.NFSV.CD,90396626621,95466759652,98383459153,1.12178E+11,1.43E+11,1.70036E+11,1.99814E+11,2.44563E+11,2.7838E+11,2.47157E+11,2.93298E+11,3.17582E+11,3.26743E+11,3.36739E+11,3.5116E+11,3.38601E+11,3.4051E+11,3.81282E+11,4.23845E+11,4.43074E+11,3.33698E+11,3.85261E+11
Low & middle income,LMY,"Service imports (BoP, current US$)",BM.GSR.NFSV.CD,2.70282E+11,2.81343E+11,2.9609E+11,3.35208E+11,4.16308E+11,4.89795E+11,5.67623E+11,6.99552E+11,8.23525E+11,7.49909E+11,8.94176E+11,1.03746E+12,1.12311E+12,1.22934E+12,1.35488E+12,1.26343E+12,1.24749E+12,1.36799E+12,1.5E+12,1.50608E+12,1.12519E+12,1.3153E+12
Lesotho,LSO,"Service imports (BoP, current US$)",BM.GSR.NFSV.CD,249762550.7,226108801.7,226763231.3,329514660,373863312.2,367615898.9,377756149.4,375723920.8,403888815.3,430338793.5,446888235.1,487835373.5,451634783.6,368610485.2,329104586.7,318547465.7,388204424.7,453555487.7,493092280.4,447025265.7,377796447.5,406647771.9
Late-demographic dividend,LTE,"Service imports (BoP, current US$)",BM.GSR.NFSV.CD,2.16619E+11,2.31493E+11,2.50019E+11,2.88494E+11,3.56204E+11,4.18587E+11,4.87023E+11,6.03692E+11,7.28399E+11,6.64262E+11,7.68582E+11,9.11834E+11,9.94062E+11,1.10431E+12,1.25424E+12,1.21195E+12,1.25231E+12,1.35278E+12,1.47368E+12,1.55558E+12,1.31262E+12,1.43021E+12
Lithuania,LTU,"Service imports (BoP, current US$)",BM.GSR.NFSV.CD,662697500,687425000,922446101.4,1243773960,1678506929,2073172162,2572460386,3427239623,4244013940,3111190439,3045869636,3851915114,4371774797,5235950959,5543416881,4739029760,5138316349,6026952187,7079947031,7736490424,6726970765,9598164873
Luxembourg,LUX,"Service imports (BoP, current US$)",BM.GSR.NFSV.CD,13580486486,13711962619,13403929641,16951791447,22819098222,27369188903,34200298941,41854626918,42017599699,36345421546,43147955473,49925577011,54275967143,63276810941,72151308434,67668509145,68954989044,77580748823,87022646505,91530691412,98282460478,1.19838E+11
Latvia,LVA,"Service imports (BoP, current US$)",BM.GSR.NFSV.CD,574228604.8,568953364.5,617002480.7,901323925,1174393503,1602179809,2045203400,2814692743,3321250906,2404740341,2319153727,2777579445,2758851796,2835736597,2825892685,2603834100,2741817622,3078380324,3564410481,3527105164,3274277451,4217483726
"Macao SAR, China",MAC,"Service imports (BoP, current US$)",BM.GSR.NFSV.CD,,,1072834414,1127960865,1235623935,1504209008,1671010512,2262649396,2563671877,2069477567,2532556073,3174478286,3810105411,3646653367,3937845935,4087125170,4175946133,4897188196,5496273942,5167200757,3269971517,3934579025
St. Martin (French part),MAF,"Service imports (BoP, current US$)",BM.GSR.NFSV.CD,,,,,,,,,,,,,,,,,,,,,,
Morocco,MAR,"Service imports (BoP, current US$)",BM.GSR.NFSV.CD,1892281995,2118486505,2413338677,2861388506,3451371593,3845368500,4472851168,5416082419,6678068156,6898366719,7371474421,8574414965,8136421399,7571208141,8871785474,7913005207,8449440405,9816686343,10512614579,9631489439,7140183107,8525599543
Monaco,MCO,"Service imports (BoP, current US$)",BM.GSR.NFSV.CD,,,,,,,,,,,,,,,,,,,,,,
Moldova,MDA,"Service imports (BoP, current US$)",BM.GSR.NFSV.CD,202870000,209700000,257450000,294830000,356420000,425660000,491260000,656280000,839210000,720770000,716440000,839090000,912270000,990490000,1015070000,849210000,844930000,949070000,1121450944,1178494073,879738905.5,1162430000
Madagascar,MDG,"Service imports (BoP, current US$)",BM.GSR.NFSV.CD,522061323.4,510924517.9,704213630.9,618279024.5,636331020.4,701490866.8,800633414.9,1157562133,1541246530,1205873126,1216792414,1348729515,1293740761,1388199102,1275723015,1134982312,1139293571,1236786358,1327761912,1228137433,869651490.3,1090946095
Maldives,MDV,"Service imports (BoP, current US$)",BM.GSR.NFSV.CD,109691934.5,109813535.1,111145451.6,120269563.2,157429615.7,213070922.5,231163013.8,330894269.8,427940897.9,398321967.7,451364834.3,581015226.6,570645667.8,696567151.9,793298250.4,874693479,1103360302,1274909531,1337677193,1337353969,740330730.3,1109292521
Middle East & North Africa,MEA,"Service imports (BoP, current US$)",BM.GSR.NFSV.CD,1.14474E+11,1.04475E+11,1.06494E+11,1.17522E+11,1.45902E+11,1.7045E+11,2.09553E+11,2.55627E+11,3.17452E+11,3.06654E+11,3.23408E+11,3.36627E+11,3.60725E+11,3.85974E+11,4.41957E+11,4.11386E+11,3.87027E+11,4.19979E+11,4.57055E+11,4.55266E+11,3.37911E+11,3.98291E+11
Mexico,MEX,"Service imports (BoP, current US$)",BM.GSR.NFSV.CD,17056655990,16929175335,18152526267,18926587443,20944340369,22796845343,23753303791,25523571244,26533647403,25132586835,26909007758,31410582938,31295947357,32151930375,34474989348,32678992316,33035398543,37071734981,39967010190,39619286127,28286020626,38746899340
Marshall Islands,MHL,"Service imports (BoP, current US$)",BM.GSR.NFSV.CD,,,,,,49695234.14,47208738.54,52766849.14,49160576.04,63625339.34,54247282.59,58400707.82,60858291.6,66860942.25,60373906.15,59387800.28,66135407.13,52246200.51,55750437.02,43371364.06,57356188.63,
Middle income,MIC,"Service imports (BoP, current US$)",BM.GSR.NFSV.CD,2.62201E+11,2.72888E+11,2.86796E+11,3.25563E+11,4.04596E+11,4.76333E+11,5.51396E+11,6.79993E+11,8.00283E+11,7.28915E+11,8.69685E+11,1.0074E+12,1.09079E+12,1.19531E+12,1.31823E+12,1.23129E+12,1.21612E+12,1.3362E+12,1.46195E+12,1.46932E+12,1.08859E+12,1.27713E+12
North Macedonia,MKD,"Service imports (BoP, current US$)",BM.GSR.NFSV.CD,271125479.6,265061730,277410096.1,385302202,501256797.7,545183165.2,566184461,765684707.3,980726035.7,818374265.8,814450514.6,954441540.5,973563019.2,1035805944,1224143112,1141592844,1158674557,1200685146,1418732102,1441681486,1177092429,1465274978
Mali,MLI,"Service imports (BoP, current US$)",BM.GSR.NFSV.CD,335604509.8,422998328.4,394429556.1,486403262.5,534793591.1,590185044.1,677206444.6,779134410.3,1030739815,832926808.2,1028589131,1129834595,1064201263,2158089961,2178589673,1995353583,2250342413,2004706035,2113009728,2245662243,2049098520,
Malta,MLT,"Service imports (BoP, current US$)",BM.GSR.NFSV.CD,781113861.9,784046240.3,823541529,917667934.2,2836705389,3263222082,4233187802,5224192849,7913425257,8417335108,8453090404,9386180677,9252863031,10010298565,10402811156,10260961208,10352043114,11691996247,12418698651,12865993234,13369665470,14957951021
Myanmar,MMR,"Service imports (BoP, current US$)",BM.GSR.NFSV.CD,323673325.4,357733407.1,306280953.4,415695646.5,454872311.8,497092492.7,557147242.9,653113659.6,617236551.1,617233186.3,789024376.5,1090215451,1459340566,2187277904,2196373404,2392061090,2510914284,2881266739,3456556602,3664962326,,
Middle East & North Africa (excluding high income),MNA,"Service imports (BoP, current US$)",BM.GSR.NFSV.CD,,,,,,49332837141,53364602791,62228574003,82947647551,80820113168,86211366285,86071049893,91620965497,99774824708,1.05028E+11,97537447060,92021952215,99615477819,1.05629E+11,1.12839E+11,76051986239,89101409415
Montenegro,MNE,"Service imports (BoP, current US$)",BM.GSR.NFSV.CD,,,,,,,,393658002,609098958.5,467331835.7,433488036.3,430512211.6,433340852.7,453170079.3,450700796.2,470978756.6,537077336.1,602230868.2,737542839.4,768453695.8,574084923.3,754796168.1
Mongolia,MNG,"Service imports (BoP, current US$)",BM.GSR.NFSV.CD,162700437.2,205015171.3,266392722.2,337168359.4,434401130.3,400836099.3,418603424.2,464355762.7,628601478.8,571408893.7,788714331.6,1369143119,2077473817,1998585028,1896216037,1404315303,2139163992,2178469330,2606458071,3224448846,2105155180,2489828550
Northern Mariana Islands,MNP,"Service imports (BoP, current US$)",BM.GSR.NFSV.CD,,,,,,,,,,,,,,,,,,,,,,
Mozambique,MOZ,"Service imports (BoP, current US$)",BM.GSR.NFSV.CD,,,,,,648573092.8,749626298.1,856528930.7,965331804.5,1044287889,1213747846,2250630109,4497793945,3904268806,3657118767,3029009700,3115262254,2830712209,4295143337,2749960604,2747383630,2557440381
Mauritania,MRT,"Service imports (BoP, current US$)",BM.GSR.NFSV.CD,,,,,,,,,,,,,1016668566,999404905.6,900329555.5,640745973.4,605386960,739686354.6,682481300.4,793481588.7,795835958.4,792868434.3
Mauritius,MUS,"Service imports (BoP, current US$)",BM.GSR.NFSV.CD,762533077.1,810095315.7,792727189.6,906287381.1,1023321076,1197749447,1316861478,1569373351,1919929153,1607258838,1978884434,2470079082,2443385569,2210688950,2123615253,2041060567,2052058297,2179360589,2145851515,2070984742,1307417479,1430010343
Malawi,MWI,"Service imports (BoP, current US$)",BM.GSR.NFSV.CD,167120566.8,171408706.2,221893892.1,147764988.3,149641860.4,159367255.3,159262521.4,152610347.4,188323380.7,229169284.4,239905431.3,249804407.8,227443191.3,245083064.7,268766939.2,292633078.6,249069945.9,361433015.9,389147294.4,458760727.1,584381055.1,591137604.3
Malaysia,MYS,"Service imports (BoP, current US$)",BM.GSR.NFSV.CD,16747421053,16656578947,16447842105,17531710526,19268607895,21955728606,23651024056,28668366316,30269789906,27471538281,32644635837,38344535724,43348518287,45137192445,45319650864,40169379566,40144714580,42443489288,44601873163,43710611539,33380568102,35585113458
North America,NAC,"Service imports (BoP, current US$)",BM.GSR.NFSV.CD,2.64438E+11,2.64701E+11,2.77577E+11,3.03392E+11,3.48972E+11,3.78187E+11,4.23135E+11,4.69163E+11,5.11617E+11,4.91773E+11,5.35901E+11,5.665E+11,5.84534E+11,5.82253E+11,6.06311E+11,6.04174E+11,6.18584E+11,6.6133E+11,6.88722E+11,7.20989E+11,5.65304E+11,6.56205E+11
Namibia,NAM,"Service imports (BoP, current US$)",BM.GSR.NFSV.CD,320058039.6,271976193,231957110.1,276311613.2,420189993.8,367373445.5,429269256.8,511680148.7,585969467.1,544462482.9,695894456.8,674798786.4,590997210.4,734009510.3,881824812,680737758.2,688422195.4,615491669.9,603715376.1,626800066.1,475135821.2,589295602.7
New Caledonia,NCL,"Service imports (BoP, current US$)",BM.GSR.NFSV.CD,,,414862928.4,528213023,590860626.5,834281862.4,1120141162,1313627562,1318556663,1040577407,1300739516,1371103154,1420348173,1376477009,1189820564,1153281006,1109114570,,,,,
Niger,NER,"Service imports (BoP, current US$)",BM.GSR.NFSV.CD,133153953.6,148723843.6,153671569.1,194032590.8,263457197.3,280388155.9,329585670.8,369815149.2,603786939.4,738613348.1,845533248.7,871520844,829777789.6,979168593.5,1043152109,973058114.3,810896501.5,981334877.1,1086196178,1068925376,1075913426,
Nigeria,NGA,"Service imports (BoP, current US$)",BM.GSR.NFSV.CD,3300264707,4639638591,4921662498,5714692544,5973282017,6623479186,13923695094,18348346387,24369200492,18699281920,21332515363,24570829120,23941006054,21802853214,24911354312,19612685769,11758306299,18264780868,30883664001,38710165612,19832514705,16001687364
Nicaragua,NIC,"Service imports (BoP, current US$)",BM.GSR.NFSV.CD,350700000,363700000,355400000,376800000,409000000,448200000,584500000,681600000,778100000,699800000,725800000,857800000,918800000,1092200000,1006800000,1024200000,1002100000,1030500000,952700000,854600000,615600000,855000000
Netherlands,NLD,"Service imports (BoP, current US$)",BM.GSR.NFSV.CD,51113707103,53598461196,57192536157,64039070254,96817202860,1.01313E+11,1.07985E+11,1.28337E+11,1.45326E+11,1.37735E+11,1.34438E+11,1.5125E+11,1.44255E+11,1.50713E+11,1.61672E+11,1.83598E+11,1.50347E+11,1.66814E+11,1.89427E+11,1.80398E+11,1.66225E+11,1.61881E+11
Norway,NOR,"Service imports (BoP, current US$)",BM.GSR.NFSV.CD,15735389222,16657331275,18577865339,21080487857,24764579259,29128357077,31673541373,41260648759,47695399384,37072978228,45072603258,47757774871,52456398378,56350079995,57555167339,47269131199,48349433226,49839243869,52195860204,52624688805,37235771517,41361655113
Nepal,NPL,"Service imports (BoP, current US$)",BM.GSR.NFSV.CD,199945551.9,214721604.8,236770572.2,266189201.1,385007943.6,434731112.9,492840555.2,722588894.6,851745903.2,841698010,869659268.5,782153901.1,895809073.2,983713598.8,1197130385,1200826807,1250784402,1623361655,1775280726,1717909525,1097427928,1564547217
Nauru,NRU,"Service imports (BoP, current US$)",BM.GSR.NFSV.CD,,,,,,,,,6127306.055,7169861.03,7404040.199,16786783.23,17918993.83,33103406.97,41623445.6,36819993.79,40156906.1,37894999.22,34219271.95,,,
New Zealand,NZL,"Service imports (BoP, current US$)",BM.GSR.NFSV.CD,4520993817,4365092294,4840179954,5823693272,7316522352,8392940226,8082350590,9617071594,10477911206,8705691747,10247957389,12148728840,12408043647,12650172478,13295298325,12023629124,12538044109,13820665193,14932098189,15557188294,11302977602,13632306404
OECD members,OED,"Service imports (BoP, current US$)",BM.GSR.NFSV.CD,1.22067E+12,1.22843E+12,1.29743E+12,1.47825E+12,1.75863E+12,1.90352E+12,2.0846E+12,2.42386E+12,2.70082E+12,2.41789E+12,2.56552E+12,2.81275E+12,2.83055E+12,2.9612E+12,3.17063E+12,3.04356E+12,3.11503E+12,3.35972E+12,3.63613E+12,3.7798E+12,3.24274E+12,3.66758E+12
Oman,OMN,"Service imports (BoP, current US$)",BM.GSR.NFSV.CD,1758498700,1899089727,1880104031,2573211964,3152301691,3145487646,3896332900,5094928479,5877763329,5483508453,6364109233,7739908401,8785439815,9798009338,10014530459,10214896930,9923117612,10839067630,11729255934,12111771857,8177246473,8453429855
Other small states,OSS,"Service imports (BoP, current US$)",BM.GSR.NFSV.CD,,,,,,,,,,,,56150778979,68329894083,76542699252,82818293895,76969422619,80385010701,85239429492,90404984707,96325152832,92897945273,1.01587E+11
Pakistan,PAK,"Service imports (BoP, current US$)",BM.GSR.NFSV.CD,2130000000,2211000000,2138000000,3232000000,5364000000,7592000000,8501000000,8947000000,9797000000,6615430000,7173000000,8156000000,8517000000,7953000000,8466000000,8807000000,9706109000,11741061000,11669877000,10295078000,7984944000,9806127000
Panama,PAN,"Service imports (BoP, current US$)",BM.GSR.NFSV.CD,1152500000,1114000000,1315200000,1306500000,1460900000,1813300000,1728100000,2210500000,2724200000,2238500000,2827000000,4337200000,4410800000,5142400000,4940600000,4823800000,4780642474,4673251016,4942780044,5346752316,3071096692,4263168307
Peru,PER,"Service imports (BoP, current US$)",BM.GSR.NFSV.CD,2295594803,2404523781,2459692765,2622023744,2733715012,3147395415,3408395348,4354526759,5714832958,4817683319,6050070699,6512429466,7448403621,7829473766,7970847666,8332073546,8438949954,8855653634,9764859392,10676708427,7384069622,10294076747
Philippines,PHL,"Service imports (BoP, current US$)",BM.GSR.NFSV.CD,5247000000,5410000000,5483000000,5407000000,5865000000,6463320577,6587470863,7543665308,11084251514,9186206945,12017152840,12316215274,14260545036,16320385334,20921610612,23610210252,24160460096,26138511091,26788965530,28224651934,17955831486,19475288324
Palau,PLW,"Service imports (BoP, current US$)",BM.GSR.NFSV.CD,,,,,,30920059.88,33295538.25,35925081.59,40213431.93,36425442.7,42961832.34,39021565.86,45122305.64,42981411.75,44041948.14,52639106.47,66688000,69159000,66469000,70235000,61916000,47307000
Papua New Guinea,PNG,"Service imports (BoP, current US$)",BM.GSR.NFSV.CD,772274718.7,662000555.1,754937425.6,867472956,997091415.8,1167405444,1479147003,1821918545,1751135325,1847006274,2758702939,2978050925,3732890191,3901495363,2298904664,1337879012,1069346970,1597275616,1629831419,,,
Poland,POL,"Service imports (BoP, current US$)",BM.GSR.NFSV.CD,8996000000,8968000000,9262000000,10931000000,12772000000,14951000000,19087000000,23195000000,29390000000,23414000000,29713000000,32190000000,31924000000,33051000000,35045000000,32006000000,33490000000,37662000000,42996000000,43492000000,40285000000,49216000000
Pre-demographic dividend,PRE,"Service imports (BoP, current US$)",BM.GSR.NFSV.CD,20310787857,24462039363,25580316717,26871454985,32160360443,38698897079,50325911281,64274872905,87902488316,78179565547,85012122573,1.00798E+11,1.01991E+11,1.07202E+11,1.16578E+11,97042737214,77505345940,88145984666,1.05707E+11,1.16161E+11,83273881443,83003764758
Puerto Rico,PRI,"Service imports (BoP, current US$)",BM.GSR.NFSV.CD,,,,,,,,,,,,,,,,,,,,,,
"Korea, Dem. People's Rep.",PRK,"Service imports (BoP, current US$)",BM.GSR.NFSV.CD,,,,,,,,,,,,,,,,,,,,,,
Portugal,PRT,"Service imports (BoP, current US$)",BM.GSR.NFSV.CD,6419158182,6106488804,6510032001,7619178160,8938470526,9483144254,11302344212,13699808687,15506245499,14217353721,14757498483,15809763793,13593565912,14482019526,15938521701,14027450293,14803434660,16582130375,18768086837,19894658277,15639819129,20135975956
Paraguay,PRY,"Service imports (BoP, current US$)",BM.GSR.NFSV.CD,420760000,390690000,355290000,329346500,301700000,344107802,384543976.3,464022322.5,598527675.2,541216623,747445283.7,903666118.7,927345731.9,1068726686,1114730399,1104636531,1104385081,1211168985,1280482009,1248965010,748229035.3,877799817.8
West Bank and Gaza,PSE,"Service imports (BoP, current US$)",BM.GSR.NFSV.CD,521327162.7,604742781.3,601512647.8,477576603.8,512648803,457356649.2,460344178.2,638896961.3,702188362.2,766554638.4,993340708.5,891001471.6,1029279345,967240430.2,986012336.1,1472635301,1414336990,1590831031,1784143472,1904744794,1567242101,1990008312
Pacific island small states,PSS,"Service imports (BoP, current US$)",BM.GSR.NFSV.CD,694803150.1,646017174.8,564596764.7,764892253.5,842914999.2,977356958.2,990429451.7,1051133820,1269731649,1084120044,1188748456,1341014254,1395729124,1504397687,1448577853,1374976095,1466134545,1585657836,1677220539,1792887775,1276309663,1287634516
Post-demographic dividend,PST,"Service imports (BoP, current US$)",BM.GSR.NFSV.CD,1.20004E+12,1.21148E+12,1.27967E+12,1.45632E+12,1.7353E+12,1.87708E+12,2.06195E+12,2.38943E+12,2.66249E+12,2.37779E+12,2.53285E+12,2.77947E+12,2.81726E+12,2.95145E+12,3.14369E+12,2.9852E+12,3.00537E+12,3.25346E+12,3.52944E+12,3.58757E+12,3.01E+12,3.45037E+12
French Polynesia,PYF,"Service imports (BoP, current US$)",BM.GSR.NFSV.CD,,,526183389.9,595723355.5,659025246.8,721833612.8,543228114.4,602762557.3,707806264,705689675.9,597915839.9,557376048.7,506137530.9,495273273.9,494940364.6,423628088.8,384040376.2,,,,,
Qatar,QAT,"Service imports (BoP, current US$)",BM.GSR.NFSV.CD,,,,,,,,,,,,16866785714,23906318681,27478571429,32859065934,30775274725,31541208791,31426923077,32503846154,35415934066,34697802198,34340109890
Romania,ROU,"Service imports (BoP, current US$)",BM.GSR.NFSV.CD,1792000000,1817000000,1829000000,2248000000,3012000000,5498005695,7057861084,9008861697,12069326662,10497022060,8396556887,9794933531,9508543344,11757784993,12655729198,11489260767,12159139681,15347609389,18193654356,20601886069,16363895605,21800083233
Russian Federation,RUS,"Service imports (BoP, current US$)",BM.GSR.NFSV.CD,16340000000,20795400000,23959290000,27587570000,34253120000,40470870000,46273100000,60577920000,77555480000,63396750000,75278710000,91495340000,1.08927E+11,1.28382E+11,1.21022E+11,88767880000,74602240000,88864170000,94728000000,98481540000,64748160000,75934070000
Rwanda,RWA,"Service imports (BoP, current US$)",BM.GSR.NFSV.CD,,,,,,,,,,,559858170.7,608935071.5,509747661.9,599691923.9,661860584.3,1020087546,1035491054,1056227959,1057233554,1032526149,519775248.5,666301388.9
South Asia,SAS,"Service imports (BoP, current US$)",BM.GSR.NFSV.CD,25173955336,26210698714,26815160865,32247517814,45709594827,60525813116,73480025013,86829774028,74279468005,67753012297,96132208292,98293746001,99995042938,1.00134E+11,1.04758E+11,1.06728E+11,1.21369E+11,1.3838E+11,1.54787E+11,1.595E+11,1.37333E+11,1.65464E+11
Saudi Arabia,SAU,"Service imports (BoP, current US$)",BM.GSR.NFSV.CD,25228000000,19280827467,19979733333,20857413333,25695680000,33094773333,49514608051,63056603867,75230995947,74991375467,76772069867,78016613800,73406997208,76651732910,1.00545E+11,88036117733,70266817531,78575054411,83951676303,78659694183,56263945245,73281012082
Sudan,SDN,"Service imports (BoP, current US$)",BM.GSR.NFSV.CD,647600000,660300000,818180000,830290000,1064530000,1503001095,2525771510,2681271047,2531819001,2100943709,2532563286,2899999719,2108786862,2029759075,2074820578,1588683580,1438147382,1595399752,1172241043,1425402761,1665687789,1318108377
Senegal,SEN,"Service imports (BoP, current US$)",BM.GSR.NFSV.CD,405527689.5,414385521.4,489197822.7,593104891.4,703816105.2,810722086.7,843354496.8,1248261409,1424730809,1153598951,1119980651,1292650985,1328679852,1442641775,1453459213,1309508426,1339767258,1511658825,1697799825,,,
Singapore,SGP,"Service imports (BoP, current US$)",BM.GSR.NFSV.CD,29929638875,31593285233,33382435754,39870488181,49765643103,55051752962,65006629185,75071113318,90558023080,83279047562,1.00518E+11,1.17839E+11,1.32912E+11,1.49713E+11,1.66669E+11,1.61693E+11,1.58459E+11,1.81388E+11,2.00479E+11,2.05735E+11,2.03833E+11,2.2358E+11
Solomon Islands,SLB,"Service imports (BoP, current US$)",BM.GSR.NFSV.CD,72588921.35,81198412.61,48604346.39,62008757,41301632.15,57984022.12,67964544.01,96641479.1,114173022.8,104989923.8,187540936.5,187055762,203315765.5,247962123.5,223635545.9,182828341.8,207267819.9,216958505.6,218767651.9,255626155.9,152235429.9,151004523.4
Sierra Leone,SLE,"Service imports (BoP, current US$)",BM.GSR.NFSV.CD,112845982,110898138.6,80762811.36,93790070.51,84416186.07,91367659.39,83996235.98,94309098.46,120955226.2,132101319.2,251633437.1,427704631.8,525508945,689133446.5,1237579654,882693401.4,450205585.9,391000438.1,383996742.3,429978320.2,196842382.6,
El Salvador,SLV,"Service imports (BoP, current US$)",BM.GSR.NFSV.CD,968900000,993600000,1047300000,1091009897,1061272368,1114720000,1231900000,1321160000,1310680000,983887767,1099649747,1186888657,1336752991,1471015929,1457773698,1517751647,1741346407,1823843542,1947435378,2012091510,1474720011,2161603455
San Marino,SMR,"Service imports (BoP, current US$)",BM.GSR.NFSV.CD,,,,,,,,,,,,,,,,,,666251902.5,771146651.7,692310472.9,631457942.4,
Somalia,SOM,"Service imports (BoP, current US$)",BM.GSR.NFSV.CD,,,,,,,,,,,,,,,,,,,,,,
Serbia,SRB,"Service imports (BoP, current US$)",BM.GSR.NFSV.CD,,,,,,,,3496070877,4324300126,3475921671,3533628971,4000716466,3825262229,4130870307,4433477280,3930845504,4052758934,4855776322,5967301002,6624752878,5822032400,7528029123
Sub-Saharan Africa (excluding high income),SSA,"Service imports (BoP, current US$)",BM.GSR.NFSV.CD,27220015844,29155966765,30364999896,35617261478,43350328748,51245609272,65987684635,84598166751,1.08061E+11,95307916203,1.06573E+11,1.24279E+11,1.21799E+11,1.23543E+11,1.31576E+11,1.13856E+11,97312566273,1.10148E+11,1.2798E+11,1.36189E+11,1.0329E+11,1.04947E+11
South Sudan,SSD,"Service imports (BoP, current US$)",BM.GSR.NFSV.CD,,,,,,,,,,,,,,,365405387.7,1052820000,617500000,558600000,1518620000,1878490000,2327220000,2152920000
Sub-Saharan Africa,SSF,"Service imports (BoP, current US$)",BM.GSR.NFSV.CD,27427508156,29390779328,30599877623,35852525794,43579188558,51492533000,66277089996,84845624347,1.08301E+11,95547537609,1.06838E+11,1.24542E+11,1.22187E+11,1.24019E+11,1.32084E+11,1.1436E+11,97954319292,1.11001E+11,1.28875E+11,1.37121E+11,1.03792E+11,1.05814E+11
Small states,SST,"Service imports (BoP, current US$)",BM.GSR.NFSV.CD,,,,,,,,,,,,65473439828,78397021174,86902786321,94144132880,87905221140,91839244276,97625393542,1.0291E+11,1.09092E+11,1.02604E+11,1.15341E+11
Sao Tome and Principe,STP,"Service imports (BoP, current US$)",BM.GSR.NFSV.CD,12460239.78,12469311.92,12170289.05,13585845.87,15512596.46,11063781.36,17763381.5,18668984.56,21438740.94,18986167.21,24322490.01,31401040.77,24621841.95,48184694.68,84568887.37,67090995.17,65722686.87,65512244.99,64270534.2,63237333.05,43372261.02,49142416.67
Suriname,SUR,"Service imports (BoP, current US$)",BM.GSR.NFSV.CD,,,,,,354900000,269300000,317900000,407200000,285300000,259000000,562463391.7,618199108,594565716.4,803096812.3,708512699.9,499846320.1,569314385.3,666943660,815085556.5,562590182.5,537923034.5
Slovak Republic,SVK,"Service imports (BoP, current US$)",BM.GSR.NFSV.CD,1805399112,2310356331,2379367663,3095806895,4946595214,5583334978,6150381652,7833987984,9993432478,7861140435,7277313740,7656798592,7229687280,8613539860,8902492825,7977918416,8815180024,9574365932,10959267764,10922984699,9246806684,10664875251
Slovenia,SVN,"Service imports (BoP, current US$)",BM.GSR.NFSV.CD,1442000000,1468900000,1746600000,2203700000,2616500000,2925400000,3267707429,4296107578,5360900023,4920661015,4822061924,5286262714,5041488828,5244943119,5632514469,4775603017,5061820446,5834661403,6479802039,6434364118,5605012615,7066714636
Sweden,SWE,"Service imports (BoP, current US$)",BM.GSR.NFSV.CD,24127353438,23547259714,23578501579,30275175254,35549566072,39194173195,42440903815,51805399635,58286049663,48120340032,50769996676,58713594190,58534889951,64764535866,69397700885,61449833967,62473819900,68404930556,71931735600,74920144441,67893672272,78980644741
Eswatini,SWZ,"Service imports (BoP, current US$)",BM.GSR.NFSV.CD,379914401.6,265792441.6,260440060,422410081.8,377916428.5,403141144.1,373614545.5,507514577.8,650931717.1,562857114.3,670912591.6,217480866,208792027.1,233473801.8,296391392.4,198550000,201075925.3,340514137.3,258847557.2,200288710.9,187688637,237651842.2
Sint Maarten (Dutch part),SXM,"Service imports (BoP, current US$)",BM.GSR.NFSV.CD,,,,,,,,,,,,238055865.9,263318435.8,262804469.3,291541899.4,277770949.7,275374301.7,265910378.4,301434956.5,309040264.8,162757796.1,222556272.4
Seychelles,SYC,"Service imports (BoP, current US$)",BM.GSR.NFSV.CD,192900662.8,217290432.4,218076184,221577652.3,220695839.8,240340204.6,282742254.9,246767411.3,243265266.3,240873899,266470686.1,265921610.9,386503042.5,472250381.1,503609361.4,498485574.5,628358766.4,829634871.1,873795584,911115236.1,500410183.4,798437679.8
Syrian Arab Republic,SYR,"Service imports (BoP, current US$)",BM.GSR.NFSV.CD,1667000000,1694000000,1883000000,1806000000,2235000000,2359000000,2520000000,3012511531,3171166633,2734215492,3533066693,,,,,,,,,,,
Turks and Caicos Islands,TCA,"Service imports (BoP, current US$)",BM.GSR.NFSV.CD,,,,,,,,,,,,,,,60110201.85,59670633.07,60188926.83,66421933.43,74406113.41,,,
Chad,TCD,"Service imports (BoP, current US$)",BM.GSR.NFSV.CD,,,,,,,,,,,,,,,,,,,,,,
East Asia & Pacific (IDA & IBRD countries),TEA,"Service imports (BoP, current US$)",BM.GSR.NFSV.CD,94992286803,97722908775,1.08579E+11,1.21058E+11,1.5012E+11,1.69754E+11,1.94862E+11,2.40947E+11,2.88507E+11,2.67269E+11,3.23621E+11,3.98113E+11,4.42877E+11,5.0125E+11,6.03938E+11,5.99432E+11,6.0776E+11,6.49579E+11,7.22331E+11,7.07788E+11,5.31421E+11,6.18064E+11
Europe & Central Asia (IDA & IBRD countries),TEC,"Service imports (BoP, current US$)",BM.GSR.NFSV.CD,49236034265,54208669468,60233003998,71736063694,91176011615,1.08703E+11,1.26462E+11,1.61866E+11,2.00541E+11,1.6721E+11,1.87903E+11,2.14284E+11,2.39163E+11,2.70966E+11,2.69038E+11,2.20389E+11,2.083E+11,2.3782E+11,2.60643E+11,2.70186E+11,2.03398E+11,2.47238E+11
Togo,TGO,"Service imports (BoP, current US$)",BM.GSR.NFSV.CD,117954180.6,130015428.6,148882846.8,204770696.7,239760821.8,250803513.7,264384045.2,305860189.8,360627769.2,376225907.5,404359984.1,474157499.5,441997920.7,471478123.2,426590194.3,373017299.3,398956298.2,428215809.5,465434343.5,448750738.7,437851966.7,
Thailand,THA,"Service imports (BoP, current US$)",BM.GSR.NFSV.CD,15460261049,14610426194,16720409958,18168807216,23077098855,26798210000,32613590000,38071250000,46021320000,34429650081,41333280110,46097401276,45671390157,47402773422,45247281369,42518310373,43511450945,46668337798,54939109775,56854600168,45910456212,65100502096
Tajikistan,TJK,"Service imports (BoP, current US$)",BM.GSR.NFSV.CD,,,104877700,121533100,212526100,251942966.4,251819893.8,592719301.7,456636133,291124388,411765930.9,440761127.3,580524417.9,790690770.4,599810826.4,462549251.2,374129939.7,374185573.4,457833032.1,487806121.7,409960952.9,531570212.9
Turkmenistan,TKM,"Service imports (BoP, current US$)",BM.GSR.NFSV.CD,,,,,,,,,,,,,,,,,,,,,,
Latin America & the Caribbean (IDA & IBRD countries),TLA,"Service imports (BoP, current US$)",BM.GSR.NFSV.CD,70271632190,70619519218,65400734738,67657636850,76882903826,91861588324,1.02455E+11,1.25741E+11,1.49035E+11,1.40724E+11,1.70299E+11,2.04792E+11,2.19318E+11,2.3085E+11,2.36618E+11,2.11569E+11,2.02985E+11,2.2489E+11,2.31784E+11,2.27377E+11,1.61062E+11,1.99162E+11
Timor-Leste,TLS,"Service imports (BoP, current US$)",BM.GSR.NFSV.CD,,,,,,,232120895.3,325259207.8,489922324.2,824801516,1035306337,1463553448,989265707.9,508177278.6,451810134.5,666739901.5,606960600,441590567.8,446552622.5,447013070.9,315085569.4,722835854.1
Middle East & North Africa (IDA & IBRD countries),TMN,"Service imports (BoP, current US$)",BM.GSR.NFSV.CD,,,,,,48955097081,52994391939,61682877870,82387115312,80181975927,85334527803,85313556955,90720004399,98973552621,1.04222E+11,96137071474,90671524880,98082280625,1.03887E+11,1.1098E+11,74460606012,87036760712
Tonga,TON,"Service imports (BoP, current US$)",BM.GSR.NFSV.CD,,27355290.85,29113964.88,36414877.95,34027625.24,40831628.81,34379263.66,46344863.74,50097226.48,54044655.09,47915163.74,56169002.16,81991986.64,93391865.58,65621957.8,54547656.89,73588350.77,96950451.78,105406636.8,106059909.6,100481297.3,71942219.87
South Asia (IDA & IBRD),TSA,"Service imports (BoP, current US$)",BM.GSR.NFSV.CD,25173955336,26210698714,26815160865,32247517814,45709594827,60525813116,73480025013,86829774028,74279468005,67753012297,96132208292,98293746001,99995042938,1.00134E+11,1.04758E+11,1.06728E+11,1.21369E+11,1.3838E+11,1.54787E+11,1.595E+11,1.37333E+11,1.65464E+11
Sub-Saharan Africa (IDA & IBRD countries),TSS,"Service imports (BoP, current US$)",BM.GSR.NFSV.CD,27427508156,29390779328,30599877623,35852525794,43579188558,51492533000,66277089996,84845624347,1.08301E+11,95547537609,1.06838E+11,1.24542E+11,1.22187E+11,1.24019E+11,1.32084E+11,1.1436E+11,97954319292,1.11001E+11,1.28875E+11,1.37121E+11,1.03792E+11,1.05814E+11
Trinidad and Tobago,TTO,"Service imports (BoP, current US$)",BM.GSR.NFSV.CD,388500020.6,370000019.7,373000000,374900000,372900000,544600000,362800000,384100000,326000000,383300000,389100000,2460196133,2600387053,2680312567,2780131765,2914883051,2732996686,3092112836,2526411482,1927964180,1765722656,2221571035
Tunisia,TUN,"Service imports (BoP, current US$)",BM.GSR.NFSV.CD,1170219234,1349122914,1378598893,1539048605,1899689541,2106466614,2361788847,2709936721,3252791549,2872007554,3234385916,3177832763,3195932283,3304263973,3400297466,3076276047,3010567806,3049732891,3216482382,3047300444,2233570284,2793448959
Turkiye,TUR,"Service imports (BoP, current US$)",BM.GSR.NFSV.CD,8153000000,6098000000,6146000000,7636000000,10353000000,11950000000,12189000000,15914000000,18204000000,17090000000,19704000000,20967000000,21024000000,25500000000,27881000000,25500000000,25805000000,27148000000,28453000000,28657000000,23884000000,29596000000
Tuvalu,TUV,"Service imports (BoP, current US$)",BM.GSR.NFSV.CD,,9301815.088,10583352.54,14780113.72,14668778.27,9514238.771,11791977.55,21863648.11,29881936.7,27026856.36,33836345.51,44005052.4,27559671.45,27216471.24,30643482.34,35376252.43,40156184.52,30811310.75,27182688.36,31387316.42,23604278.96,24207161.79
Tanzania,TZA,"Service imports (BoP, current US$)",BM.GSR.NFSV.CD,682401264.6,649345213.9,632535535.7,725696366.5,974716456.5,1207324410,1249340900,1413683033,1661851477,1721950879,1888875058,2208090000,2358883738,2488479633,2648272159,2629131862,2176433481,2039876361,1915908544,1782495919,1292041739,
Uganda,UGA,"Service imports (BoP, current US$)",BM.GSR.NFSV.CD,458800000,479316172.1,508060612.2,381212892.2,492535518.8,608842749.8,770481331.6,977237682.3,1257398772,1392951691,1802656722,2462864296,2484758758,2427639999,2674915469,2378314839,2026340694,2067067127,2631742580,2945045320,3099122692,3164246863
Ukraine,UKR,"Service imports (BoP, current US$)",BM.GSR.NFSV.CD,3015000000,3593000000,3547000000,4475000000,6642000000,7575000000,9205000000,11790000000,16208000000,11560000000,12712000000,13383000000,14589000000,16119000000,12362000000,11349000000,11959000000,13324000000,14500000000,15715000000,11164000000,14420000000
Upper middle income,UMC,"Service imports (BoP, current US$)",BM.GSR.NFSV.CD,1.72229E+11,1.77993E+11,1.88831E+11,2.13889E+11,2.62427E+11,3.07373E+11,3.52896E+11,4.37012E+11,5.23457E+11,4.82964E+11,5.77782E+11,6.90808E+11,7.64629E+11,8.58656E+11,9.66649E+11,8.92561E+11,8.75628E+11,9.55152E+11,1.03857E+12,1.02736E+12,7.5594E+11,8.92702E+11
Uruguay,URY,"Service imports (BoP, current US$)",BM.GSR.NFSV.CD,881586151.3,806707499.2,618050620,636296775.2,786075682.3,939478288.7,978679307.4,1130009286,1523335519,1294881720,1530924895,2050253449,3880227016,4993845067,5005231443,4290046380,3885848847,4201937599,4493920985,4665142915,3364048647,3922086400
United States,USA,"Service imports (BoP, current US$)",BM.GSR.NFSV.CD,2.20929E+11,2.22038E+11,2.33479E+11,2.52342E+11,2.90605E+11,3.12222E+11,3.49331E+11,3.85465E+11,4.2065E+11,4.07541E+11,4.3645E+11,4.58189E+11,4.69611E+11,4.65735E+11,4.91084E+11,4.9831E+11,5.1309E+11,5.48472E+11,5.65397E+11,5.93597E+11,4.66539E+11,5.50028E+11
Uzbekistan,UZB,"Service imports (BoP, current US$)",BM.GSR.NFSV.CD,,,,,,1586719068,1646525322,2133784766,2477161774,2638180205,2656130203,3117291900,3463349167,3380518776,2886737438,3091910829,3443736833,4092825798,5191101922,5360871085,3511289610,4727371231
St. Vincent and the Grenadines,VCT,"Service imports (BoP, current US$)",BM.GSR.NFSV.CD,56114814.81,57489259.26,57051481.48,64588289.26,73221459.26,78802522.96,88171493.33,114204568.9,102138030,94235426.3,91460166.67,84334795.19,87077733.33,91354984.44,129361774.8,121843257.5,143447277.7,138410057,140691223.3,129837260.5,90585379.85,87902098.51
"Venezuela, RB",VEN,"Service imports (BoP, current US$)",BM.GSR.NFSV.CD,4463000000,4689000000,3930000000,3520000000,4505000000,5345000000,5990000000,11006000000,13274000000,13348000000,14336000000,16890000000,19428000000,19285000000,17028000000,13826000000,9472000000,,,,,
British Virgin Islands,VGB,"Service imports (BoP, current US$)",BM.GSR.NFSV.CD,,,,,,,,,,,,,,,,,,,,,,
Virgin Islands (U.S.),VIR,"Service imports (BoP, current US$)",BM.GSR.NFSV.CD,,,,,,,,,,,,,,,,,,,,,,
Vietnam,VNM,"Service imports (BoP, current US$)",BM.GSR.NFSV.CD,3252000000,3382000000,3698000000,4050000000,4739000000,4472000000,5108182800,6785000000,7956000000,8187000000,9921000000,11859000000,12087000000,13820000000,14500000000,16015000000,16758000000,17100000000,18470000000,18988000000,17887000000,19407000000
Vanuatu,VUT,"Service imports (BoP, current US$)",BM.GSR.NFSV.CD,70151197.16,72990813.29,51560812.86,60649802.38,65581535.33,73760494.44,71244086.33,75677301.73,134550296.9,108738726.9,124618110.3,144961108.2,145915873.8,149054737.4,147843739.4,176568671,164224515.7,196100699.5,216436869.5,218231148.3,175929856,200489504.9
World,WLD,"Service imports (BoP, current US$)",BM.GSR.NFSV.CD,1.65637E+12,1.67102E+12,1.75908E+12,1.99319E+12,2.39303E+12,2.64055E+12,2.94593E+12,3.46812E+12,3.92284E+12,3.52775E+12,3.85988E+12,4.29474E+12,4.44223E+12,4.70659E+12,5.0907E+12,4.8462E+12,4.8842E+12,5.29902E+12,5.76076E+12,5.91535E+12,4.90019E+12,5.57017E+12
Samoa,WSM,"Service imports (BoP, current US$)",BM.GSR.NFSV.CD,,,,,41960444.78,68863066.83,70570556.62,71106313.98,73573459.75,79661671.82,109339911.5,107417620.8,89257712.06,88966046.81,74829026.82,73813993.95,87480188.01,89460799.51,87731974.45,99926325.72,90880972.56,92530617.36
Kosovo,XKX,"Service imports (BoP, current US$)",BM.GSR.NFSV.CD,,,,,334532414.8,341854917.4,366936285.7,385366641.2,407677459.5,412617464.6,526470694.4,592990386.5,505727947.1,472339065.1,619047521.9,548450133.2,545064283.9,605414498.7,829711254.9,837103622.3,692661842.4,1028039698
"Yemen, Rep.",YEM,"Service imports (BoP, current US$)",BM.GSR.NFSV.CD,,,,,,1241449236,1855060000,1867120000,2347690000,2120608766,2156104000,2165267722,2341348437,2272241064,2743322071,1274663204,1457828482,,,,,
South Africa,ZAF,"Service imports (BoP, current US$)",BM.GSR.NFSV.CD,5850181012,5242308508,5504060202,8042804255,10327984583,12150973291,14006362630,16053211329,16807781358,15128744643,19405949085,20600106001,18707675893,17974979545,17142878152,15722146767,15301305006,16601913546,16991679630,16484863301,11308648668,13586080631
Zambia,ZMB,"Service imports (BoP, current US$)",BM.GSR.NFSV.CD,334626600,366626600,374800000,403400000,447300000,412244225.2,514040595.3,834994092.4,834726858.3,671765199.6,888111627.6,1093019088,1333943758,1816236562,1644387981,1432401478,1393289892,1474251547,1677527474,1533998038,2261882987,1315593010
Zimbabwe,ZWE,"Service imports (BoP, current US$)",BM.GSR.NFSV.CD,,,,,,,,,,933009525.5,1359462165,1819164630,1775731775,1895021925,1953219193,1523765146,1263792186,1130678776,1026166766,909106346.4,769634058.6,
