Country Name,Country Code,Indicator Name,Indicator Code,2000,2001,2002,2003,2004,2005,2006,2007,2008,2009,2010,2011,2012,2013,2014,2015,2016,2017,2018,2019,2020,2021,2022
Aruba,ABW,"Total reserves (includes gold, current US$)",FI.RES.TOTL.CD,235455000,321360614.5,374002933,336945700,339224000,324813400,401389600,455457100,691873900,686970110,708713690,689775980,768622300,653170670,680351000,815800560,922550890,907111452.5,980247680,982300000,1212578720,1512960300,
Africa Eastern and Southern,AFE,"Total reserves (includes gold, current US$)",FI.RES.TOTL.CD,,,,,,,,,,,,,,,,,,,,,,,
Afghanistan,AFG,"Total reserves (includes gold, current US$)",FI.RES.TOTL.CD,,,,,,,,,3042274496,4265888740,5162440807,6344641960,7152304398,7288702711,7528549880,6976966154,7281910524,8097280956,8206682106,8497655795,9748946327,,
Africa Western and Central,AFW,"Total reserves (includes gold, current US$)",FI.RES.TOTL.CD,,,,,,,,,,,,,,,,,,,,,,,
Angola,AGO,"Total reserves (includes gold, current US$)",FI.RES.TOTL.CD,1198212373,731866198.1,375545950.3,634199422.3,1379588147,3196850749,8149079646,11196800894,17869411576,13664098154,19678661657,27039761554,31161778889,31500815462,27032344084,23790543425,23672191989,17455327771,15410405365,16334853784,13781988140,14468113826,13470874759
Albania,ALB,"Total reserves (includes gold, current US$)",FI.RES.TOTL.CD,646305676.5,770581227.4,866478231.3,1038294231,1387912854,1439592137,1812802560,2161936583,2363791897,2368942443,2540673823,2471402725,2599863597,2773278107,2665215805,3138517990,3108607052,3588583657,3893560031,3763661059,4817386149,5634561134,5266463584
Andorra,AND,"Total reserves (includes gold, current US$)",FI.RES.TOTL.CD,,,,,,,,,,,,,,,,,,,,,,,
Arab World,ARB,"Total reserves (includes gold, current US$)",FI.RES.TOTL.CD,,,,,,,,,,,,,,,,,,,,,,,
United Arab Emirates,ARE,"Total reserves (includes gold, current US$)",FI.RES.TOTL.CD,13631620189,14256130113,15355431325,15087811904,18529923698,21010295842,27617445823,77238765358,31694454694,26104201598,32785291883,37269318423,47035150431,68202650660,78424381665,93929134196,85390832746,95377648626,99503335479,1.08359E+11,1.06702E+11,1.31117E+11,1.38433E+11
Argentina,ARG,"Total reserves (includes gold, current US$)",FI.RES.TOTL.CD,25152117244,14555552760,10492424819,14157284136,19659591804,28081718502,32022297113,46149456856,46385380207,48006988635,52207549724,46265800526,43223270864,30533919651,31410813270,25520565580,38414518492,55314409205,66221501691,44880566052,39403734630,39653498611,44795335172
Armenia,ARM,"Total reserves (includes gold, current US$)",FI.RES.TOTL.CD,314200332.8,329632780.1,430974325.4,501977062.1,547758869.6,669480407.7,1071917964,1659090453,1406800823,2003623408,1865824297,1932471999,1799374399,2251610255,1489443371,1775293494,2204113991,2314113951,2259321869,2849645182,2615530571,3229848045,4111690218
American Samoa,ASM,"Total reserves (includes gold, current US$)",FI.RES.TOTL.CD,,,,,,,,,,,,,,,,,,,,,,,
Antigua and Barbuda,ATG,"Total reserves (includes gold, current US$)",FI.RES.TOTL.CD,63558884.53,79718831.04,87648341.46,113767366.7,120139161.9,127320746.2,142632588.8,143848808.5,138022502.6,127860399.4,136600155.3,147868733.6,162045102,202580587,297046137.5,355728253.4,330090979.3,313645370.8,328659747.5,279133212.7,221808945.9,367511735.7,396505745.5
Australia,AUS,"Total reserves (includes gold, current US$)",FI.RES.TOTL.CD,18821546024,18663980677,21567012300,33258076239,36925537509,43257063109,55078716458,26907894339,32923506492,41742190607,42267797177,46714016758,49138172006,52837027750,53910325023,45406035071,52480791523,65653718118,53909533420,57994685703,42544629265,57877502314,56701901830
Austria,AUT,"Total reserves (includes gold, current US$)",FI.RES.TOTL.CD,17649557522,15598207439,13182007409,12729301827,12188419360,11827977058,12911210328,18193955715,16741449885,17903949015,22241623425,24768999165,27211429628,23316756962,25001493235,22239731668,23255493381,21565331649,23190665221,23616397438,30439562425,33957000221,33077693776
Azerbaijan,AZE,"Total reserves (includes gold, current US$)",FI.RES.TOTL.CD,679605504.1,724979353.9,720471772.5,802839749.2,1075084293,1177743664,2500372956,4273114882,6467239211,5363850354,6409059730,10273925785,11277345749,15175667724,15816416601,7319394112,6573862903,6680448852,6665907526,7042898781,7633632512,8307161114,11290110395
Burundi,BDI,"Total reserves (includes gold, current US$)",FI.RES.TOTL.CD,37646865.17,17974678.24,59105712.31,67366291.27,66173617.25,100575245.8,131138494.8,177130962.9,266537169.9,323088641.1,332085022.5,295447213.9,308757013.6,329308184.1,317139256.5,136134382.2,95158477.53,97402580.43,68126200.77,111373704.1,90319165.54,266164087.5,163238045.6
Belgium,BEL,"Total reserves (includes gold, current US$)",FI.RES.TOTL.CD,12271745172,13560301157,14697923742,14448826871,13990812128,11996383513,13436681104,16485311239,15680647981,23861674313,26779063929,29114266148,30768939404,26946175032,25444391273,24101851039,23480922147,26151437584,26856799009,28969986952,33296227565,41872371153,41273547745
Benin,BEN,"Total reserves (includes gold, current US$)",FI.RES.TOTL.CD,,,,,,,,,,,,,,,,,,,,,,,
Burkina Faso,BFA,"Total reserves (includes gold, current US$)",FI.RES.TOTL.CD,,,,,,,,,,,,,,,,,,,,,,,
Bangladesh,BGD,"Total reserves (includes gold, current US$)",FI.RES.TOTL.CD,1515788656,1305630681,1721734792,2624623706,3221759633,2825004864,3877163419,5277479281,5787356027,10341543874,11174828667,9174749651,12754226900,18087689200,22319788312,27493077972,32283838539,33431482893,32028383717,32696936140,43171735336,46165532457,33747202272
Bulgaria,BGR,"Total reserves (includes gold, current US$)",FI.RES.TOTL.CD,3507198891,3646131848,4846429934,6825720113,9337108133,8697081082,11756001867,17544560020,17930378434,18522121029,17223204559,17215731650,20507099695,19883353048,20129698078,22153050489,25176065816,28375830876,28711039865,27901750799,37860001349,39187742752,40989114450
Bahrain,BHR,"Total reserves (includes gold, current US$)",FI.RES.TOTL.CD,1605306698,1725453561,1777159820,1840973998,2006203185,2051923932,2895643505,4342187750,4050919099,4008299045,5299463737,4774194829,5454261307,5527718440,6229406003,3546207932,2611989314,2823123079,2334278370,3902650742,2523073657,4993195963,
"Bahamas, The",BHS,"Total reserves (includes gold, current US$)",FI.RES.TOTL.CD,349644583.2,319252843.7,380645829.4,491108558.2,674401942.8,586297936.2,461331327.1,464482895.4,567909087.7,1009823820,1044153800,1070217425,846941347.8,807408405,874337064.8,895475136.3,1001933945,1413972941,1345344674,1757782754,2382077961,2432716261,
Bosnia and Herzegovina,BIH,"Total reserves (includes gold, current US$)",FI.RES.TOTL.CD,496626475.4,1233132927,1336266925,1813519793,2427266571,2547614647,3671010361,5041780929,4479825860,4575111867,4411161780,4247540639,4389987071,4984005031,4860208933,4790984891,5136418168,6473729519,6808433501,7207699940,8707117939,9475044026,8761700726
Belarus,BLR,"Total reserves (includes gold, current US$)",FI.RES.TOTL.CD,350495841.3,390676493.5,687361275.1,636538852.3,836974642.7,1341819427,1386410521,4178575862,3063153365,5640214197,5025440612,7863285897,8094992776,6654216940,5067715364,4172797260,4907608003,7315236709,7157559690,9393817369,7468343228,8424740406,
Belize,BLZ,"Total reserves (includes gold, current US$)",FI.RES.TOTL.CD,122898988.2,112041498.8,114506518.2,84684001.23,48253483.79,71357473.86,113721681,108512535,166162897.2,213683331.6,217999757.4,237114250.4,288924768.8,402752296.2,486876774.5,437151657.9,376735092.7,312140148.2,294468435.1,277578761.1,348090076,420102782.5,482145605.5
Bermuda,BMU,"Total reserves (includes gold, current US$)",FI.RES.TOTL.CD,,,,,,,,,,,,,,,,,,,,,,,
Bolivia,BOL,"Total reserves (includes gold, current US$)",FI.RES.TOTL.CD,1184108228,1146023735,892729137.8,1096941370,1271422925,1794984953,3193982720,5313631986,7719766413,8574579206,9730683979,11994673115,13924289443,14429068711,15129277524,13049620686,10053627485,10245969450,8929614183,6455449942,5247234669,4730168840,3752070997
Brazil,BRA,"Total reserves (includes gold, current US$)",FI.RES.TOTL.CD,33015297296,35866445530,37832146718,49297286966,52934865186,53799284977,85842861115,1.80334E+11,1.93783E+11,2.38539E+11,2.88575E+11,3.5201E+11,3.73161E+11,3.58816E+11,3.6357E+11,3.56465E+11,3.64984E+11,3.73956E+11,3.7471E+11,3.56886E+11,3.55614E+11,3.6221E+11,3.24673E+11
Barbados,BRB,"Total reserves (includes gold, current US$)",FI.RES.TOTL.CD,472693479.4,690373664,668514868.7,737943173,579857104.1,603465289.1,636089800.4,839429792.7,738527014.8,871145394,833540950.4,812596875.6,839722748,680957827.2,632258680.1,553604323.9,431758242,265841633.1,533906813,772118649.5,1358013876,1672884485,
Brunei Darussalam,BRN,"Total reserves (includes gold, current US$)",FI.RES.TOTL.CD,408340574.4,381821178.4,448994000.5,474743404,488889689.1,491885270.1,513570258.7,667491396.6,751159763.9,1357268957,1563162507,2583674788,3449167917,3575273902,3648818757,3366322585,3487053369,3488124300,3407126455,4272696958,3997356505,4982141346,
Bhutan,BTN,"Total reserves (includes gold, current US$)",FI.RES.TOTL.CD,317632400.6,323362186.7,354949465.1,366596385.8,398620011.7,467426180.8,545324764.6,699049465.4,764803120.5,890893416.6,1002139102,789643751.6,954678385.1,991306676.5,1245086667,1103179129,1127277332,1206238191,987247035.6,1238371618,1426914818,976260349.6,
Botswana,BWA,"Total reserves (includes gold, current US$)",FI.RES.TOTL.CD,6318214000,5897250157,5473918814,5339775870,5661431015,6309056418,7992391905,9789741088,9118637749,8703960321,7885211136,8081886824,7627970306,7726052444,8322771529,7546144960,7188821775,7490512373,6656913638,6170221067,4940893803,4801608912,4278950590
Central African Republic,CAF,"Total reserves (includes gold, current US$)",FI.RES.TOTL.CD,136311955.6,121827806.7,127052247.6,137053605.7,153195695.5,144923649.4,132419817.1,91867874.12,131466501,210590013.3,181175454.9,154510967.2,157902473.5,193663724.5,259571697.5,213800567.3,239797985.5,362717270.5,361797180.3,350305401.8,432524260.9,483872115.8,
Canada,CAN,"Total reserves (includes gold, current US$)",FI.RES.TOTL.CD,32427268296,34252695468,37189390324,36267581049,34476385088,33018041276,35063091947,41082108779,43872316564,54356329767,57151157771,65818985667,68546343362,71937085416,74699962253,79753521150,82718110858,86677706697,83925602808,85297110784,90428136419,1.06615E+11,1.06952E+11
Central Europe and the Baltics,CEB,"Total reserves (includes gold, current US$)",FI.RES.TOTL.CD,,,,,,,,,,,,,,,,,,,,,,,
Switzerland,CHE,"Total reserves (includes gold, current US$)",FI.RES.TOTL.CD,53620270122,51549537913,61276111966,69563022240,74567877421,57575300181,64461048830,75172320982,74145636041,1.34566E+11,2.7048E+11,3.30586E+11,5.31302E+11,5.36235E+11,5.45787E+11,6.02403E+11,6.7891E+11,8.11031E+11,7.87021E+11,8.54929E+11,1.0834E+12,1.10982E+12,9.23628E+11
Channel Islands,CHI,"Total reserves (includes gold, current US$)",FI.RES.TOTL.CD,,,,,,,,,,,,,,,,,,,,,,,
Chile,CHL,"Total reserves (includes gold, current US$)",FI.RES.TOTL.CD,15055115211,14399463581,15343862167,15842927419,15997301155,16933297690,19396987007,16843397511,23079229514,25292079031,27827450636,41943889985,41649256238,41093252539,40447379052,38641176606,40493293730,38981539754,39858824175,40655524238,39166118109,51252167800,39102338845
China,CHN,"Total reserves (includes gold, current US$)",FI.RES.TOTL.CD,1.71763E+11,2.20057E+11,2.97739E+11,4.16199E+11,6.22949E+11,8.3141E+11,1.08076E+12,1.54636E+12,1.96604E+12,2.4529E+12,2.91371E+12,3.25467E+12,3.38751E+12,3.88037E+12,3.90004E+12,3.40525E+12,3.09766E+12,3.23568E+12,3.16822E+12,3.22289E+12,3.35724E+12,3.42793E+12,3.30684E+12
Cote d'Ivoire,CIV,"Total reserves (includes gold, current US$)",FI.RES.TOTL.CD,,,,,,,,,,,,,,,,,,,,,,,
Cameroon,CMR,"Total reserves (includes gold, current US$)",FI.RES.TOTL.CD,220219413,340115355.1,639930327.3,652135227.6,842430190,964745492.9,1735263262,2931745510,3112861315,3675521656,3642642766,3198717753,3380703262,3471999831,3168216856,3536255066,2225708778,3196791411,3459329761,,,,
"Congo, Dem. Rep.",COD,"Total reserves (includes gold, current US$)",FI.RES.TOTL.CD,82500000,82500000,73858396.52,97757335.85,236242009.3,131200257.9,154503797.2,180677437,77733370.44,1035381388,1299652041,1267500303,1632551644,1678465312,1556982978,1215934551,708160749.2,695398162,665272095,1194373485,747655324.3,3467115961,
"Congo, Rep.",COG,"Total reserves (includes gold, current US$)",FI.RES.TOTL.CD,225059392,71990506.36,35447852.89,39441158.06,124471455.3,737537427.5,1848005218,2183569353,3881458051,3806250384,4446850566,5641136196,5549563315,5245011451,4926098059,2221497219,714352000.8,379984138.8,423617388.3,988316008,1140500575,828560334.6,
Colombia,COL,"Total reserves (includes gold, current US$)",FI.RES.TOTL.CD,9005870485,10244081685,10844467605,10920223457,13536934555,14954554923,15437167996,20951442987,23670593274,24987458716,28076156124,31895547051,36997795800,43158795572,46809443348,46222893469,46173772893,47131104747,47887623364,52652707435,58499477957,58018679407,56703971713
Comoros,COM,"Total reserves (includes gold, current US$)",FI.RES.TOTL.CD,43370718.71,62479684.97,80135345.67,94540111.96,103991907.5,86095117.22,93890572.09,117643066.4,112663906.9,150899368,146075888.5,156064553.7,195019557.1,174071468,171159502.4,200562427.7,159412124.1,207879895.5,199213183.3,202031707.2,294339897.9,329671752,283746116.1
Cabo Verde,CPV,"Total reserves (includes gold, current US$)",FI.RES.TOTL.CD,28196818.87,45479478.07,77123428.27,92617800.66,139362725.7,174391987.4,254525770.7,364462266.1,361467111.5,397876708.9,382190200.5,338617823.4,375841714.7,475334069.5,510930777.5,494495560.7,572736752.5,617362329.8,606430600.3,737990665.4,735084797.4,769650450.7,704635956.4
Costa Rica,CRI,"Total reserves (includes gold, current US$)",FI.RES.TOTL.CD,1318296304,1330363591,1502388943,1840008318,1922625761,2313689169,3117011524,4115350419,3800532462,4066199745,4627252202,4755830028,6856696346,7330880579,7211431940,7833931555,7573806768,7149834514,7500924411,8937069411,7231533677,6921168831,8554013584
Caribbean small states,CSS,"Total reserves (includes gold, current US$)",FI.RES.TOTL.CD,,,,,,,,,,,,,,,,,,,,,,,
Cuba,CUB,"Total reserves (includes gold, current US$)",FI.RES.TOTL.CD,,,,,,,,,,,,,,,,,,,,,,,
Curacao,CUW,"Total reserves (includes gold, current US$)",FI.RES.TOTL.CD,,,,,,,,,,,,,,,,,,,,,,,
Cayman Islands,CYM,"Total reserves (includes gold, current US$)",FI.RES.TOTL.CD,,,,,,,,,,,,,,,,,,,162073506,183500000,216800000,,
Cyprus,CYP,"Total reserves (includes gold, current US$)",FI.RES.TOTL.CD,1868515473,2396061101,3181358209,3450932655,4113824037,4429824567,5942554137,6506542488,1004746547,1281245251,1141718898,1187122353,1191085646,916261841.4,893890213.6,807868870.8,812488586,887692448.7,924201541.5,1033463564,1237326347,1611044560,1723031774
Czechia,CZE,"Total reserves (includes gold, current US$)",FI.RES.TOTL.CD,13141569748,14463996053,23707071208,26955067824,28451131102,29553532656,31456871275,34907225299,37021634957,41608025692,42482660898,40283016691,44884691027,56217652211,54495067818,64490290734,85725304288,1.47976E+11,1.42512E+11,1.49856E+11,1.66126E+11,1.73618E+11,1.39981E+11
Germany,DEU,"Total reserves (includes gold, current US$)",FI.RES.TOTL.CD,87496869035,82131887554,89142540697,96835206408,97169968441,1.01676E+11,1.11637E+11,1.35932E+11,1.38564E+11,1.7904E+11,2.15978E+11,2.34104E+11,2.48856E+11,1.98535E+11,1.93485E+11,1.73731E+11,1.84031E+11,1.99983E+11,1.98027E+11,2.24028E+11,2.68409E+11,2.95736E+11,2.93914E+11
Djibouti,DJI,"Total reserves (includes gold, current US$)",FI.RES.TOTL.CD,67804571.83,70308696.57,73707750.59,100129582.5,93939056.7,89264770.32,120326699.2,132137437.9,175495410.9,241831914.4,248997896.3,244112095.2,248630000.3,424961509.9,393148391.7,364857284.1,407414266.7,556097628.9,454193909.7,501857934.4,686339280.9,588417559.8,589437241.8
Dominica,DMA,"Total reserves (includes gold, current US$)",FI.RES.TOTL.CD,29372786.74,31224517.74,45497423.66,47735245.63,42321834.56,49172196.73,63047100.26,60522068.62,55150083.36,75464032.69,76099741.29,81120934.27,94562315.38,87050886.03,101447737.7,126225919.3,221907763.5,212292574.6,191323608.3,155172395.3,165824163.3,190843317.1,204343039.9
Denmark,DNK,"Total reserves (includes gold, current US$)",FI.RES.TOTL.CD,15695951233,17702199723,27719142484,37997724766,40020822397,34028012497,31083835098,34318338718,42326707927,76617709422,76510022326,84955222078,89697829678,88676584007,75391887669,65185093406,64215805620,75244445866,70942078374,66835547934,72823350927,82235844736,96072552269
Dominican Republic,DOM,"Total reserves (includes gold, current US$)",FI.RES.TOTL.CD,632133042.1,1104534583,474683747.7,279543949.8,826423251,1929853895,2275420935,3044764601,2694510025,3580178696,3874458747,4114429337,3558641726,4700626508,4861785572,5266043354,6134227407,6872905749,7717561574,8870942286,10844812012,13124643489,14522975012
Algeria,DZA,"Total reserves (includes gold, current US$)",FI.RES.TOTL.CD,13556106802,19625060613,25151012703,35454600266,45691652467,59167068864,81462730475,1.14972E+11,1.48099E+11,1.55112E+11,1.70461E+11,1.91369E+11,2.00587E+11,2.01437E+11,1.86351E+11,1.50595E+11,1.20788E+11,1.04853E+11,87382910154,71795950715,59434389110,56211005199,71852290094
East Asia & Pacific (excluding high income),EAP,"Total reserves (includes gold, current US$)",FI.RES.TOTL.CD,,,,,,,,,,,,,,,,,,,,,,,
Early-demographic dividend,EAR,"Total reserves (includes gold, current US$)",FI.RES.TOTL.CD,,,,,,,,,,,,,,,,,,,,,,,
East Asia & Pacific,EAS,"Total reserves (includes gold, current US$)",FI.RES.TOTL.CD,,,,,,,,,,,,,,,,,,,,,,,
Europe & Central Asia (excluding high income),ECA,"Total reserves (includes gold, current US$)",FI.RES.TOTL.CD,,,,,,,,,,,,,,,,,,,,,,,
Europe & Central Asia,ECS,"Total reserves (includes gold, current US$)",FI.RES.TOTL.CD,,,,,,,,,,,,,,,,,,,,,,,
Ecuador,ECU,"Total reserves (includes gold, current US$)",FI.RES.TOTL.CD,1178958456,1073533298,1004402766,1165340428,1439913955,2147944603,2026480314,3520672992,4472854631,3792122232,2622493356,2957999384,2486036144,4345840333,3941357098,2487276600,4215553160,2169697857,2158694032,2939049266,7136589071,7912190380,8459270682
"Egypt, Arab Rep.",EGY,"Total reserves (includes gold, current US$)",FI.RES.TOTL.CD,13785040868,13598234040,14076054423,14603576021,15338514717,21856784929,26006845068,32214421786,34330505048,34896678266,37028506135,18637541110,15672467971,16536236826,14926998052,15858887326,23642691706,36400242556,41839242991,44568837112,38972812937,39824388217,32143926008
Euro area,EMU,"Total reserves (includes gold, current US$)",FI.RES.TOTL.CD,3.5198E+11,3.4605E+11,3.83933E+11,3.87351E+11,3.8279E+11,3.7753E+11,4.29171E+11,5.10183E+11,5.2244E+11,6.60335E+11,7.87898E+11,8.47726E+11,9.09438E+11,7.484E+11,7.45741E+11,7.01553E+11,7.41791E+11,8.02686E+11,8.22526E+11,9.14227E+11,1.07785E+12,1.19616E+12,1.18487E+12
Eritrea,ERI,"Total reserves (includes gold, current US$)",FI.RES.TOTL.CD,36131624.54,50449873.4,30282531.92,24707771.97,34746846.59,27944199.05,23576837.33,32407629.66,56020972.23,90010612.77,114149602.7,115328815.9,132764717.8,133338047.5,151753160.4,145070693.2,145371150.9,143412422.7,163033689.4,191694416.4,,,
Spain,ESP,"Total reserves (includes gold, current US$)",FI.RES.TOTL.CD,35607623345,34235520830,40303470181,26809451669,19758627233,17227460742,19339948067,19028952268,20288388624,28051366380,31871836373,46704835357,50588475477,46335465038,50411846512,53973842236,63039926529,69400198866,70633189428,74731427284,81287702461,92201269195,92905070060
Estonia,EST,"Total reserves (includes gold, current US$)",FI.RES.TOTL.CD,922839655.6,822453577.6,1003157301,1376698670,1791730277,1947311947,2786325227,3269362367,3971834389,3980641013,2567138087,207115695.5,300659803.2,314406126.7,436832954.5,414798362.4,352140743.4,345036507.9,755005588.3,1426439025,1996892749,2371477145,2216592399
Ethiopia,ETH,"Total reserves (includes gold, current US$)",FI.RES.TOTL.CD,362554236.6,489895094.9,965896480.1,955608348.1,1496784362,1042595212,867438393.6,1289865496,870502510.2,1780874214,2241164556,2837310958,2301655548,2363513607,3525244981,3835287576,3030943951,3045571315,3987464166,2992704275,3046114359,,
European Union,EUU,"Total reserves (includes gold, current US$)",FI.RES.TOTL.CD,,,,,,,,,,,,,,,,,,,,,,,
Fragile and conflict affected situations,FCS,"Total reserves (includes gold, current US$)",FI.RES.TOTL.CD,,,,,,,,,,,,,,,,,,,,,,,
Finland,FIN,"Total reserves (includes gold, current US$)",FI.RES.TOTL.CD,8409731733,8419388663,9825470848,11172946882,12913570497,11331633301,7498639358,8380474053,8353577867,11428834792,9547427725,10276057418,11082344912,11272356806,10679250780,10016275637,10465361380,10506846392,10309164187,11426621293,13479975777,16744106303,16036363939
Fiji,FJI,"Total reserves (includes gold, current US$)",FI.RES.TOTL.CD,412013921.2,366383704.1,358935030.8,423606706.3,483077920,321301682,313300289,528272571.1,322181205,570005077.9,720523356.8,833453464.2,918737740.2,941999998.3,916228000.7,918959350.4,908823039.8,1116363704,947653331.9,1043304264,1081812965,1517816546,1556777406
France,FRA,"Total reserves (includes gold, current US$)",FI.RES.TOTL.CD,63728079968,58637344264,61696755317,70762382919,77353273269,74359915676,98239163383,1.15487E+11,1.03306E+11,1.31786E+11,1.65852E+11,1.6849E+11,1.84522E+11,1.45161E+11,1.43977E+11,1.38199E+11,1.45866E+11,1.56322E+11,1.66483E+11,1.89006E+11,2.24236E+11,2.4428E+11,2.42416E+11
Faroe Islands,FRO,"Total reserves (includes gold, current US$)",FI.RES.TOTL.CD,,,,,,,,,,,,,,,,,,,,,,,
"Micronesia, Fed. Sts.",FSM,"Total reserves (includes gold, current US$)",FI.RES.TOTL.CD,113047175.6,98330197.78,117391173.1,89607067.38,54838730.41,49953309.04,46622757.94,48479465.98,39986224.52,55718614.22,55763850.9,75062413.21,76796329.99,84343095.8,114124949.5,135114898.3,156984836.4,203718873.5,203528219.2,397158244.6,451912609,497434120.4,
Gabon,GAB,"Total reserves (includes gold, current US$)",FI.RES.TOTL.CD,193613824.3,13399793.74,144051938.5,201927545.2,449046100.9,675149856.2,1121592476,1237944498,1934656663,1993241390,1735883130,2157316879,2351562307,3003573133,2478480388,1863120981,789346604.5,965054219.2,1321051089,1371973833,,,
United Kingdom,GBR,"Total reserves (includes gold, current US$)",FI.RES.TOTL.CD,50939389681,47417467709,54959281999,56349681040,62138194999,59135108205,63823577314,77715465907,64785716443,79453490100,98025460114,1.09734E+11,1.17157E+11,1.1875E+11,1.24487E+11,1.48109E+11,1.34932E+11,1.50858E+11,1.72658E+11,1.73569E+11,1.80054E+11,1.94181E+11,1.7641E+11
Georgia,GEO,"Total reserves (includes gold, current US$)",FI.RES.TOTL.CD,115965903.6,161941585.5,202176074.1,196198029.7,386676416.9,478637800.6,930833393.9,1361156504,1480157559,2110323626,2263794873,2818191101,2872949024,2823383516,2699169280,2520721328,2756383663,3038762324,3289463517,3505823162,3913274195,4270945063,4886343006
Ghana,GHA,"Total reserves (includes gold, current US$)",FI.RES.TOTL.CD,308900898.4,375936405.5,636059800,1470061310,1749729259,1897057040,2268926567,2218311348,2014205287,3691822335,5158151629,5913600037,5835098328,5587739126,5563709271,5742645886,5866729596,7015187160,6294851564,7563210341,7884091539,9916916900,
Gibraltar,GIB,"Total reserves (includes gold, current US$)",FI.RES.TOTL.CD,,,,,,,,,,,,,,,,,,,,,,,
Guinea,GIN,"Total reserves (includes gold, current US$)",FI.RES.TOTL.CD,167593505.2,208565056.9,263312234.5,281862972.1,111780254.7,96326734.16,39685709.65,46811611.56,55670498.07,414058705.5,301523167,947127106,762924793.4,853882934.8,983969561.3,654264223.6,840496671.4,980319295.4,1242328573,1379136557,1499116033,,
"Gambia, The",GMB,"Total reserves (includes gold, current US$)",FI.RES.TOTL.CD,109431118.9,106013174.4,106877406.7,59306559.03,83774361.47,98312848.54,120615997.8,142784444.7,116517123,224175097.1,201627626.7,223241852.8,236241441.1,210553598.7,159330829.4,111040203.2,87635582.42,169969976.5,191773261,256957421.7,387046403.6,652670952.2,568244498.4
Guinea-Bissau,GNB,"Total reserves (includes gold, current US$)",FI.RES.TOTL.CD,,,,,,,,,,,,,,,,,,,,,,,
Equatorial Guinea,GNQ,"Total reserves (includes gold, current US$)",FI.RES.TOTL.CD,23008388.64,70851809.33,88540317.13,237691328.6,944982405.4,2102494662,3066739319,3845916300,4431191816,3251937926,2346355216,3053840572,4396979377,4566537481,2906843391,1205154516,62307444.14,45502925.11,48929813.61,40816834.6,60833004.02,44271185.59,
Greece,GRC,"Total reserves (includes gold, current US$)",FI.RES.TOTL.CD,14594006579,6244166654,9431530975,5801377075,2707782609,2287009893,2849953559,3647605325,3489670238,5486122598,6352405963,6743416891,7255024355,5763071364,6236284819,6027606781,6851247713,7803722132,7578500699,8507452887,11931180005,14447242598,12061425398
Grenada,GRD,"Total reserves (includes gold, current US$)",FI.RES.TOTL.CD,57660000,63941398.74,87842777.41,83225917.7,121728059.7,94252920.21,99961392.63,110569734.8,105341634.3,129078999.9,119154979.9,120710917.7,119485006.8,150571015.9,169949409.7,197973503.3,207689282.8,199125887.3,233815853.8,236325345.1,293320432.2,348259248.6,371767322.5
Greenland,GRL,"Total reserves (includes gold, current US$)",FI.RES.TOTL.CD,,,,,,,,,,,,,,,,,,,,,,,
Guatemala,GTM,"Total reserves (includes gold, current US$)",FI.RES.TOTL.CD,1805677837,2352244046,2373309197,2924966748,3522289948,3777008774,4055245981,4314534130,4653932355,5204831200,5948553459,6174185213,6693770271,7269204344,7330866098,7745916506,9152627961,11765104231,12583121642,14784046765,18463562202,20934881435,20414938168
Guam,GUM,"Total reserves (includes gold, current US$)",FI.RES.TOTL.CD,,,,,,,,,,,,,,,,,,,,,,,
Guyana,GUY,"Total reserves (includes gold, current US$)",FI.RES.TOTL.CD,304956641,287255329.3,284472829.5,276387312.1,231844788.1,251872586.4,279636390.8,313007749.4,355913639.7,631410304.7,782063529.8,801777696.1,864028135.1,783621040.9,667925088.8,531887027.9,580981472.7,565363504.4,518509369.5,573446281.4,680634183.7,790784502.1,
High income,HIC,"Total reserves (includes gold, current US$)",FI.RES.TOTL.CD,,,,,,,,,,,,,,,,,,,,,,,
"Hong Kong SAR, China",HKG,"Total reserves (includes gold, current US$)",FI.RES.TOTL.CD,1.0756E+11,1.11174E+11,1.11919E+11,1.18388E+11,1.23569E+11,1.24278E+11,1.33211E+11,1.52693E+11,1.82527E+11,2.55841E+11,,2.85399E+11,3.17362E+11,3.1121E+11,3.28517E+11,3.58773E+11,3.86293E+11,4.31442E+11,4.2462E+11,4.4135E+11,4.91776E+11,4.96867E+11,4.2403E+11
Honduras,HND,"Total reserves (includes gold, current US$)",FI.RES.TOTL.CD,1318911702,1421477788,1531434579,1438959956,1979756033,2338186933,2642084906,2545868542,2491985115,2109755373,2701658714,2783412546,2531802699,3008344136,3458313626,3754265678,3813545536,4708097401,4769082162,5744253369,8138457728,8666862381,8410394831
Heavily indebted poor countries (HIPC),HPC,"Total reserves (includes gold, current US$)",FI.RES.TOTL.CD,,,,,,,,,,,,,,,,,,,,,,,
Croatia,HRV,"Total reserves (includes gold, current US$)",FI.RES.TOTL.CD,3524350092,4703235110,5884888204,8190523098,8758177308,8800316451,11487840811,13674518993,12957286637,14894514532,14132506400,14483805262,14807134321,17766773440,15423620716,14966894623,14244345198,18818215999,19991304928,20770636600,23253815166,28308830586,29726299387
Haiti,HTI,"Total reserves (includes gold, current US$)",FI.RES.TOTL.CD,182507938.1,141791474,82171314,62581880.5,189071925.4,219055947.4,367815247,582010074.4,705361460.2,1092529059,1934159447,1923168995,2210669134,2444136224,1960922746,1902499198,2081778585,2316457387,2273981844,2355488438,2590258527,2734423350,2368091965
Hungary,HUN,"Total reserves (includes gold, current US$)",FI.RES.TOTL.CD,11217315166,10755092581,10383091415,12793544669,15965389148,18602833678,21589904537,24052210871,33873898858,44181292717,44988182851,48831918089,44670620404,46508013998,42019881301,33124288326,25824253667,28002680652,31366581856,31831003375,41349416013,43483375179,41218685384
IBRD only,IBD,"Total reserves (includes gold, current US$)",FI.RES.TOTL.CD,,,,,,,,,,,,,,,,,,,,,,,
IDA & IBRD total,IBT,"Total reserves (includes gold, current US$)",FI.RES.TOTL.CD,,,,,,,,,,,,,,,,,,,,,,,
IDA total,IDA,"Total reserves (includes gold, current US$)",FI.RES.TOTL.CD,,,,,,,,,,,,,,,,,,,,,,,
IDA blend,IDB,"Total reserves (includes gold, current US$)",FI.RES.TOTL.CD,,,,,,,,,,,,,,,,,,,,,,,
Indonesia,IDN,"Total reserves (includes gold, current US$)",FI.RES.TOTL.CD,29352929561,28103636180,32033585247,36256203642,36310733909,34730799049,42597040282,56935744023,51640625721,66118917968,96210980584,1.10137E+11,1.12798E+11,99386826239,1.11863E+11,1.05929E+11,1.1637E+11,1.30215E+11,1.20661E+11,1.29186E+11,1.35916E+11,1.44908E+11,1.37222E+11
IDA only,IDX,"Total reserves (includes gold, current US$)",FI.RES.TOTL.CD,,,,,,,,,,,,,,,,,,,,,,,
Isle of Man,IMN,"Total reserves (includes gold, current US$)",FI.RES.TOTL.CD,,,,,,,,,,,,,,,,,,,,,,,
India,IND,"Total reserves (includes gold, current US$)",FI.RES.TOTL.CD,41059061575,49050841139,71607865094,1.03737E+11,1.31631E+11,1.37825E+11,1.7805E+11,2.76578E+11,2.57423E+11,2.84683E+11,3.0048E+11,2.98739E+11,3.00426E+11,2.98092E+11,3.25081E+11,3.53319E+11,3.61694E+11,4.12614E+11,3.99167E+11,4.6347E+11,5.90227E+11,6.38485E+11,5.67298E+11
Not classified,INX,"Total reserves (includes gold, current US$)",FI.RES.TOTL.CD,,,,,,,,,,,,,,,,,,,,,,,
Ireland,IRL,"Total reserves (includes gold, current US$)",FI.RES.TOTL.CD,5407973930,5635200931,5475153289,4151959059,2907974283,868977916.8,831899692.3,925477308.1,1038963263,2150685637,2113857314,1694805971,1707531869,1635949833,1749390343,2203153449,3589332627,4412516407,5222681913,5732541811,7463044895,13246996093,13039213741
"Iran, Islamic Rep.",IRN,"Total reserves (includes gold, current US$)",FI.RES.TOTL.CD,,,,,,,,,,,,,,,,,,,,,,,
Iraq,IRQ,"Total reserves (includes gold, current US$)",FI.RES.TOTL.CD,6744700000,6744700000,6744700000,6744700000,7906697188,12200841777,20051759952,31454864112,50101816706,44332623238,50622117150,61033121084,70327019949,77747258750,66281655807,53992019679,45298562241,49315419400,64719421423,68017647834,54424472658,64231022303,
Iceland,ISL,"Total reserves (includes gold, current US$)",FI.RES.TOTL.CD,405074266,355376118.5,461532295.2,818644873.1,1074203553,1068602214,2342225223,2631913597,3570697294,3882623016,5788562800,8548042323,4191506844,4237652259,4177067541,5040573412,7225621330,6566175920,6321213332,6782387112,6419314385,7078849096,5887412718
Israel,ISR,"Total reserves (includes gold, current US$)",FI.RES.TOTL.CD,23281206068,23378584659,24082878018,26315098306,27094382253,28059414574,29153237864,28518505747,42513241647,60611355181,70907310771,74874110293,75907618701,81785518233,86101256622,90575018408,95446290282,1.1301E+11,1.15266E+11,1.26008E+11,1.73292E+11,2.12934E+11,1.94231E+11
Italy,ITA,"Total reserves (includes gold, current US$)",FI.RES.TOTL.CD,47201146788,46215583156,55621728399,63263645221,62386140318,65954006492,75773325816,94108647219,1.05649E+11,1.31497E+11,1.58478E+11,1.69872E+11,1.8167E+11,1.45725E+11,1.42756E+11,1.30592E+11,1.35133E+11,1.5112E+11,1.52362E+11,1.75398E+11,2.10687E+11,2.27478E+11,2.24581E+11
Jamaica,JAM,"Total reserves (includes gold, current US$)",FI.RES.TOTL.CD,1053690048,1900541275,1645099135,1194860262,1846479130,2169806026,2318429014,1878513939,1772712407,2075840758,2501094876,2281909630,1996447947,1818363782,2473010905,2913835196,3291468022,3781167558,3532039680,3631089258,3938028781,4837564537,4520481085
Jordan,JOR,"Total reserves (includes gold, current US$)",FI.RES.TOTL.CD,3441302675,3174221853,4116412745,5365764579,5446636728,5461160796,6982163598,7924938971,8918475754,12135159071,13632983538,12094960533,8830598045,13826035948,16047206177,16571894983,15543454210,,,,,,
Japan,JPN,"Total reserves (includes gold, current US$)",FI.RES.TOTL.CD,3.61639E+11,4.01958E+11,4.69618E+11,6.73554E+11,8.44667E+11,8.46896E+11,8.95321E+11,9.73297E+11,1.03076E+12,1.05165E+12,1.10456E+12,1.29584E+12,1.26809E+12,1.26685E+12,1.26068E+12,1.2331E+12,1.21652E+12,1.26414E+12,1.27047E+12,1.32244E+12,1.39081E+12,1.40575E+12,1.22757E+12
Kazakhstan,KAZ,"Total reserves (includes gold, current US$)",FI.RES.TOTL.CD,2098969799,2505883853,3140845035,4962118090,9276665297,7069707374,19127059972,17641023630,19883105671,23183086501,28264709323,29215275561,28299368221,24691645318,29250310668,27854795819,29603056785,30746770568,30976612439,28957509931,35638096635,34377998806,35076053023
Kenya,KEN,"Total reserves (includes gold, current US$)",FI.RES.TOTL.CD,897865882,1064987677,1068140537,1482117159,1519538697,1799087913,2416073243,3355419016,2878951355,3849500809,4320858499,4265145710,5711831325,6598881869,7874414432,7514864907,7553884913,7325420063,8164380806,9115806005,8297263559,9490896581,7969488013
Kyrgyz Republic,KGZ,"Total reserves (includes gold, current US$)",FI.RES.TOTL.CD,261849461.3,286507193.6,317331858,399268624.1,564545759.3,612352822.7,817170020,1176500794,1225137056,1584332498,1720378724,1831422016,2066679059,2238390588,1957488937,1777941002,1967811283,2177013757,2156976620,2428567694,2811615193,2982533268,
Cambodia,KHM,"Total reserves (includes gold, current US$)",FI.RES.TOTL.CD,611415267.6,697362969.7,913189870.8,982362875.1,1118336324,1158091689,1411426995,2140273311,2639301421,3285950772,3817077827,4061810700,4759658458,4997891277,6108231224,7375682885,9113957299,12201741896,14630894026,18771430900,21328475093,20269721098,17794011472
Kiribati,KIR,"Total reserves (includes gold, current US$)",FI.RES.TOTL.CD,,,,,,,,,,,,,,,,,,,,,,,
St. Kitts and Nevis,KNA,"Total reserves (includes gold, current US$)",FI.RES.TOTL.CD,45199214.95,56429365.45,65752273.11,64802098.31,78469063.54,71611722.86,88697803.08,95790629.91,110411464.6,136408154.2,168859133.5,244261262.3,263485328,301952572.3,327252698.8,288394872.3,320542568.3,365098328.5,363216830.6,362798006.1,373502419.4,337532614.3,293979512.2
"Korea, Rep.",KOR,"Total reserves (includes gold, current US$)",FI.RES.TOTL.CD,96250965793,1.02875E+11,1.21498E+11,1.55472E+11,1.99195E+11,2.10552E+11,2.39148E+11,2.62533E+11,2.01545E+11,2.70437E+11,2.92143E+11,3.06935E+11,3.27724E+11,3.45694E+11,3.62835E+11,3.66707E+11,3.70154E+11,3.88805E+11,4.03082E+11,4.08819E+11,4.43463E+11,4.63281E+11,4.23366E+11
Kuwait,KWT,"Total reserves (includes gold, current US$)",FI.RES.TOTL.CD,7779055735,10599228051,10078199079,8636260734,9353825022,10165102735,14179782170,18776552865,19320771658,23028171516,24801842016,29681701460,33109896469,32410244557,35175442352,30960893268,33936274928,36889754717,40282453060,43668410965,52918606999,49525016981,52461721623
Latin America & Caribbean (excluding high income),LAC,"Total reserves (includes gold, current US$)",FI.RES.TOTL.CD,,,,,,,,,,,,,,,,,,,,,,,
Lao PDR,LAO,"Total reserves (includes gold, current US$)",FI.RES.TOTL.CD,144286276.3,156822241.4,226409478.1,283273040.7,296221795.4,327051177.3,483003280.4,730865696.3,901686245.3,1023354194,1208082726,1192801277,1293088589,1083878168,1233427356,1068907283,916030473.8,1125475868,980441052.9,1110905149,1392600619,1475794419,
Lebanon,LBN,"Total reserves (includes gold, current US$)",FI.RES.TOTL.CD,8474638463,7563692927,10404665642,16367322525,15773807067,16617970571,19238867061,20598783915,28265312110,39131823321,44475631355,47859468419,52530986899,47855927548,50668863617,48531390537,53905512886,55411532096,52380608542,52213484574,42440403087,35239219336,32512880022
Liberia,LBR,"Total reserves (includes gold, current US$)",FI.RES.TOTL.CD,267707.3678,480275.9806,3298470.652,7376738.874,18742650.41,25395460.77,71989512.76,119359165.2,160860063.2,372457051.9,442033413.9,506827131,574181706.2,589723179.8,498992033,560742588.4,586024560,585997776.6,332150947.8,297070852.9,340965880.5,,
Libya,LBY,"Total reserves (includes gold, current US$)",FI.RES.TOTL.CD,13729870472,16079034168,15892271986,21513345090,27714111997,41879958087,62228722605,83259979624,96334974983,1.03754E+11,1.06144E+11,1.10539E+11,1.24648E+11,1.19714E+11,93615450487,77649594284,70191441969,79417877682,85335649782,84663589517,79656428065,82262074686,86683417844
St. Lucia,LCA,"Total reserves (includes gold, current US$)",FI.RES.TOTL.CD,78828583.5,88936538.41,93892175.26,106902191.8,132539594.9,116387878.8,134538725.3,153719597.5,142774402.8,174798934.5,206256181.5,213433689,231967199,192222634.6,257658514.6,317540361.6,305519500.8,321767417.2,285824309.7,260870367.1,231361279,433117473.5,389083414.4
Latin America & Caribbean,LCN,"Total reserves (includes gold, current US$)",FI.RES.TOTL.CD,,,,,,,,,,,,,,,,,,,,,,,
Least developed countries: UN classification,LDC,"Total reserves (includes gold, current US$)",FI.RES.TOTL.CD,,,,,,,,,,,,,,,,,,,,,,,
Low income,LIC,"Total reserves (includes gold, current US$)",FI.RES.TOTL.CD,,,,,,,,,,,,,,,,,,,,,,,
Liechtenstein,LIE,"Total reserves (includes gold, current US$)",FI.RES.TOTL.CD,,,,,,,,,,,,,,,,,,,,,,,
Sri Lanka,LKA,"Total reserves (includes gold, current US$)",FI.RES.TOTL.CD,1131355289,1357451866,1705155737,2333781502,2204868879,2734967767,2832098099,3518418228,2616559583,5353610216,7195358507,6739196545,7106460349,7500000872,8210750128,7302096590,6008199165,7959047615,6920825566,7648305273,5663994385,3136991506,
Lower middle income,LMC,"Total reserves (includes gold, current US$)",FI.RES.TOTL.CD,,,,,,,,,,,,,,,,,,,,,,,
Low & middle income,LMY,"Total reserves (includes gold, current US$)",FI.RES.TOTL.CD,,,,,,,,,,,,,,,,,,,,,,,
Lesotho,LSO,"Total reserves (includes gold, current US$)",FI.RES.TOTL.CD,417891096,386488996.6,406370215,460333705.2,501504280.5,519110911.3,658401554.7,1002760338,971530251.5,1502248532,1485976653,903895914.9,999498707.6,1060172209,1081271062,997431660,925195318.8,657668309.3,728527650,774095190.5,,,
Late-demographic dividend,LTE,"Total reserves (includes gold, current US$)",FI.RES.TOTL.CD,,,,,,,,,,,,,,,,,,,,,,,
Lithuania,LTU,"Total reserves (includes gold, current US$)",FI.RES.TOTL.CD,1362679200,1669177341,2413140714,3449667625,3593962686,3815556165,5772525484,7711952181,6442845969,6623187501,6598353674,8201664834,8529340677,8072525981,8729460563,1697150154,2599864855,4449678813,5770956097,5085045225,4846519050,5579844284,5365254190
Luxembourg,LUX,"Total reserves (includes gold, current US$)",FI.RES.TOTL.CD,97465747.95,126635650.6,177769574.1,311200498.4,330783823,279062530.9,265117813.9,205249438,398118062.6,808815187.2,848320495.4,1010733835,990807493.4,963140967.4,863655854,770747330.4,973176553.1,878080634.3,938890223.6,1054874473,1119076142,2920761393,2873502279
Latvia,LVA,"Total reserves (includes gold, current US$)",FI.RES.TOTL.CD,919162856.3,1217482763,1326623372,1536170568,2020863043,2359714949,4511469902,5760724075,5243938989,6902262691,7605713124,6378031225,7524707960,7895272080,3228078825,3445996161,3511946855,4613455661,4370730736,4479621404,5289640348,5491144973,4460033443
"Macao SAR, China",MAC,"Total reserves (includes gold, current US$)",FI.RES.TOTL.CD,3323014302,3508440975,3800343591,4343370556,5436107123,6689436717,9132102574,13229919966,15930121267,18350321741,23726490182,34026184617,16600225451,16145878199,16444386288,18890787008,19491696000,20169663000,20281241000,22214954000,25144935000,26664872000,25970915000
St. Martin (French part),MAF,"Total reserves (includes gold, current US$)",FI.RES.TOTL.CD,,,,,,,,,,,,,,,,,,,,,,,
Morocco,MAR,"Total reserves (includes gold, current US$)",FI.RES.TOTL.CD,5016934755,8669348377,10375315952,14146568781,16646737349,16550639874,20790794061,24713570214,22719558204,23568387093,23709466594,20167412692,17138210439,18797794940,20272045639,22749566244,25096263444,26189585939,24461023093,26412762237,35997639773,35648269520,32314245660
Monaco,MCO,"Total reserves (includes gold, current US$)",FI.RES.TOTL.CD,,,,,,,,,,,,,,,,,,,,,,,
Moldova,MDA,"Total reserves (includes gold, current US$)",FI.RES.TOTL.CD,222490325.1,228532262.2,268855942.3,302270799.1,470258874.8,597448067.5,775478572,1333684647,1672406461,1480265227,1717685353,1965325535,2515016645,2820638986,2156677861,1756772270,2205927463,2803268842,2995238116,3059660617,3783579238,3901933745,4474190590
Madagascar,MDG,"Total reserves (includes gold, current US$)",FI.RES.TOTL.CD,285182984.8,398349960.5,363272345.7,414272747.2,503524276,481286830.7,583182459.3,846677005.5,982306552.8,982078789.7,1022970696,1134559590,1052810916,776146663,773817323.4,832008813.4,1183690792,1600175022,1739588290,1693147648,1980766598,2334564598,2159914364
Maldives,MDV,"Total reserves (includes gold, current US$)",FI.RES.TOTL.CD,122801161.6,93075478.33,133146756.1,159492039.1,203594899.3,186354315.3,231550005.6,308403900.3,240580313.6,260981130.1,350103579.3,334913163.2,304506181,368315038.6,614684246.5,563873734.6,467323386,587346816.8,712157733.8,753496279.8,984930745.3,805808189.4,827719476.6
Middle East & North Africa,MEA,"Total reserves (includes gold, current US$)",FI.RES.TOTL.CD,,,,,,,,,,,,,,,,,,,,,,,
Mexico,MEX,"Total reserves (includes gold, current US$)",FI.RES.TOTL.CD,35577279054,44804667773,50671452145,59026700311,64201699863,74109703346,76329367204,87208175923,95299838183,99888815494,1.20584E+11,1.49208E+11,1.67076E+11,1.802E+11,1.95682E+11,1.77597E+11,1.77974E+11,1.7547E+11,1.7639E+11,1.83056E+11,1.99069E+11,2.07799E+11,2.01119E+11
Marshall Islands,MHL,"Total reserves (includes gold, current US$)",FI.RES.TOTL.CD,,,,,,,,,,,,,,,,,,,,,,,
Middle income,MIC,"Total reserves (includes gold, current US$)",FI.RES.TOTL.CD,,,,,,,,,,,,,,,,,,,,,,,
North Macedonia,MKD,"Total reserves (includes gold, current US$)",FI.RES.TOTL.CD,460208291,798842469.9,789942743.5,934744444.1,991429584.9,1340486932,1889352310,2264233636,2110178286,2288279743,2276767090,2667393349,2891478811,2747604655,2964236412,2470701360,2751929521,2801853318,3284003547,3650514750,4126254084,4129287737,4120124979
Mali,MLI,"Total reserves (includes gold, current US$)",FI.RES.TOTL.CD,,,,,,,,,,,,,,,,,,,,,,,
Malta,MLT,"Total reserves (includes gold, current US$)",FI.RES.TOTL.CD,1471281814,1667548381,2210545703,2730176875,2733736058,2578480780,2980333080,3798767062,373422724.3,538508890,540154074.4,515097920.7,704900046,596933291.3,619373096.6,571697422.7,677039187.8,832991850.8,1024613729,937615561.1,930464309.4,1149326794,1199148721
Myanmar,MMR,"Total reserves (includes gold, current US$)",FI.RES.TOTL.CD,286495285.1,464440901.1,549300678.5,646775820.7,773487465.9,889437362.7,1382707355,3283726257,3920716171,5505842339,6045321167,7361702603,7352900705,8835555373,4509489139,4598610942,4886384704,5213962531,5646407387,5824261144,7670070785,,
Middle East & North Africa (excluding high income),MNA,"Total reserves (includes gold, current US$)",FI.RES.TOTL.CD,,,,,,,,,,,,,,,,,,,,,,,
Montenegro,MNE,"Total reserves (includes gold, current US$)",FI.RES.TOTL.CD,,,,,,,,688838319.2,435670237.2,572613016.6,556155216.9,392694640.3,458665566.4,584205748.3,662568377.7,681847411.6,793654022,1015962460,1202486372,1529177036,2134820420,1981678245,2040827974
Mongolia,MNG,"Total reserves (includes gold, current US$)",FI.RES.TOTL.CD,202077115.6,206545597,267337072.6,203558127.2,207833968.2,333150649.7,719617928.6,1001846766,656677378.5,1327038037,2287769452,2447811909,4125992251,2247857984,1651791011,1322495173,1304052963,3016698322,3549666962,4363699116,4545276809,4380126029,
Northern Mariana Islands,MNP,"Total reserves (includes gold, current US$)",FI.RES.TOTL.CD,,,,,,,,,,,,,,,,,,,,,,,
Mozambique,MOZ,"Total reserves (includes gold, current US$)",FI.RES.TOTL.CD,742321151,726979118.8,824689975.2,947825068.8,1159312550,1102663443,1216256986,1524073650,1660542080,2181058183,2265088388,2591541583,2961916696,3353349472,3221260727,2581229792,2046671564,3361224769,3105757332,3889883055,4075392951,3780829522,2938739968
Mauritania,MRT,"Total reserves (includes gold, current US$)",FI.RES.TOTL.CD,49402252.96,39833320.37,74083411.02,31821258.3,38764016.73,70367752.98,194495586.1,207413837.5,198598074.4,237857971.1,287851716.2,502324710.6,968635710.8,997902480.5,635387343.5,822269358.3,848467104.5,873822720.9,934291833.8,1028702421,1493184646,2038562789,
Mauritius,MUS,"Total reserves (includes gold, current US$)",FI.RES.TOTL.CD,914366133.7,852678482.5,1248516029,1603024427,1632941133,1371551308,1308850537,1831736327,1796126154,2315555503,2618620803,2775245693,3053007539,3490767904,3920880590,4259691508,4962069842,5984338262,6353096296,7362471786,7291065336,8562656040,7792807408
Malawi,MWI,"Total reserves (includes gold, current US$)",FI.RES.TOTL.CD,246503870.9,206054632.9,165874400.4,127393412.9,133673449.2,165231252.5,141932272.7,227314279.6,253908649,163276594.7,325348538.6,217026444.1,244599528.4,428566508.2,600619340.1,681580478.3,610774217.6,768401046.2,766154761.9,846839844.3,594498493.6,,
Malaysia,MYS,"Total reserves (includes gold, current US$)",FI.RES.TOTL.CD,28650936564,29845803174,33761683388,44309888491,66393546884,70458190075,82876090883,1.01995E+11,92166457065,96704054215,1.06528E+11,1.33572E+11,1.39731E+11,1.34854E+11,1.15959E+11,95282342268,94481267074,1.02447E+11,1.01453E+11,1.0363E+11,1.07644E+11,1.16916E+11,1.14659E+11
North America,NAC,"Total reserves (includes gold, current US$)",FI.RES.TOTL.CD,,,,,,,,,,,,,,,,,,,,,,,
Namibia,NAM,"Total reserves (includes gold, current US$)",FI.RES.TOTL.CD,259836317.6,234251046.8,323133447.6,325217778,345060355.3,312104907.4,449578847.2,896022010.4,1292948220,2050927527,1695691125,1786689868,1745866242,1511161813,1177201630,1688180787,1833673822,2432221196,2149813974,2049134995,2171055563,2763919782,2803462865
New Caledonia,NCL,"Total reserves (includes gold, current US$)",FI.RES.TOTL.CD,,,,,,,,,,,,,,,,,,,,,,,
Niger,NER,"Total reserves (includes gold, current US$)",FI.RES.TOTL.CD,,,,,,,,,,,,,,,,,,,,,,,
Nigeria,NGA,"Total reserves (includes gold, current US$)",FI.RES.TOTL.CD,10099448198,10646598366,7566806239,7415087386,17256543969,28279620717,42298313133,51333378336,53000575307,42382717738,32339472716,32639987436,43830638132,42847532138,34241737874,28283230144,27232964319,39608525296,42838869125,38335890479,36729565818,,
Nicaragua,NIC,"Total reserves (includes gold, current US$)",FI.RES.TOTL.CD,492485082,384021946.5,453205838.9,508236348.5,668198634.9,727807750.9,921891810.9,1103322447,1140842520,1573082251,1798981293,1892248424,1887214938,1992960773,2276176781,2492262792,2447771382,2757785587,2261143360,2397444669,3211903362,4046556204,4404430742
Netherlands,NLD,"Total reserves (includes gold, current US$)",FI.RES.TOTL.CD,17688007847,16897428708,18948439733,21596597094,21603050011,20447919847,23902294464,26928024023,28602644275,39284466011,46146883951,50411044069,54816126189,46309213046,43054391591,38213751383,35905772878,38421990800,38431677255,43320049623,53971404675,64469433091,63352655591
Norway,NOR,"Total reserves (includes gold, current US$)",FI.RES.TOTL.CD,27922060282,23604634336,32404966343,37712335260,44307531918,46985905052,56841568846,60839629829,50949819415,48859300062,53215083706,49397087253,51856399588,58283142155,64800723857,57455936482,60445172370,65923863904,63145471060,66946037550,75258813465,84270941751,72077375479
Nepal,NPL,"Total reserves (includes gold, current US$)",FI.RES.TOTL.CD,987342047,1079959914,1070003807,1286240900,1529099986,1565203520,1935487673,2014032856,2457914115,2819466154,3002724838,3702502162,4417738496,5434181403,6216255070,8145463908,8734510299,9435255967,8335473017,8713166195,11467799302,9660979251,
Nauru,NRU,"Total reserves (includes gold, current US$)",FI.RES.TOTL.CD,,,,,,,,,,,,,,,,,,,,,,,
New Zealand,NZL,"Total reserves (includes gold, current US$)",FI.RES.TOTL.CD,3952081062,3564653927,4962816762,6085430342,6947354918,8892727558,14068475834,17247175110,11052155510,15594002509,16722654736,17011945022,17582960688,16317764963,15861069905,14699798263,17808384490,20683740691,17656593020,17813501891,13733288689,16113750240,14399554617
OECD members,OED,"Total reserves (includes gold, current US$)",FI.RES.TOTL.CD,,,,,,,,,,,,,,,,,,,,,,,
Oman,OMN,"Total reserves (includes gold, current US$)",FI.RES.TOTL.CD,2459611529,2445296352,3173684751,3593748667,3597609065,4358381770,5014439182,9523990110,11582398509,12203595446,13025235620,14366193706,14401122658,15951037291,16324457252,17543980313,20262241805,16088803823,17388370607,16661756725,15007356725,19730879938,17606348634
Other small states,OSS,"Total reserves (includes gold, current US$)",FI.RES.TOTL.CD,,,,,,,,,,,,,,,,,,,,,,,
Pakistan,PAK,"Total reserves (includes gold, current US$)",FI.RES.TOTL.CD,2087167574,4218132004,8795802481,11815604886,10718170457,11109358834,12878021928,15798067447,9024013987,13606125134,17255570040,17697925812,13688479776,7651260102,14306811155,20027864211,22027605270,18455861310,11837177726,16586046186,18521734364,22811522858,9926587077
Panama,PAN,"Total reserves (includes gold, current US$)",FI.RES.TOTL.CD,722595056.9,1091760798,1182833361,1010969631,630646276.8,1210531906,1334983348,1935051625,2423782839,3028272378,2714469856,2303727320,2466273020,2847991008,4032196741,3378098354,3846753359,2703336162,2121303718,3423477098,9613847649,,
Peru,PER,"Total reserves (includes gold, current US$)",FI.RES.TOTL.CD,8675891764,8980104804,9721160043,10241971443,12664710327,14171339633,17441986976,27785968166,31241088629,33225023877,44214813973,48913127084,64155414239,65766067276,62529770421,61594854512,61801163820,63819289817,60333192024,67711463444,74779155758,,
Philippines,PHL,"Total reserves (includes gold, current US$)",FI.RES.TOTL.CD,15074070181,15682884965,16321045088,17083609600,16234405946,18474495450,22963020102,33740202689,37497616849,44205983462,62326286865,75123089217,83788600501,83182370907,79629428309,80640411491,80666223157,81413504334,79195598850,89515298356,1.0999E+11,1.08755E+11,96040188241
Palau,PLW,"Total reserves (includes gold, current US$)",FI.RES.TOTL.CD,,,,,,,,,,,,,,,,,,,,,,,
Papua New Guinea,PNG,"Total reserves (includes gold, current US$)",FI.RES.TOTL.CD,304157921.7,440065781.6,343099525.4,520462532.7,660156571,750418379.4,1440728433,2106234947,2008196049,2629121235,3121182845,4352806335,4035177908,2850601817,2329505233,1758569680,1679928638,1761946839,2239395527,2338947947,,,
Poland,POL,"Total reserves (includes gold, current US$)",FI.RES.TOTL.CD,27469379417,26563086840,29783862625,33958963963,36772763413,42560656301,48473948179,65724834525,62183606684,79521599626,93472504101,97712435349,1.08902E+11,1.06221E+11,1.00452E+11,94902630299,1.14329E+11,1.13267E+11,1.16957E+11,1.28392E+11,1.54219E+11,1.6603E+11,1.66664E+11
Pre-demographic dividend,PRE,"Total reserves (includes gold, current US$)",FI.RES.TOTL.CD,,,,,,,,,,,,,,,,,,,,,,,
Puerto Rico,PRI,"Total reserves (includes gold, current US$)",FI.RES.TOTL.CD,,,,,,,,,,,,,,,,,,,,,,,
"Korea, Dem. People's Rep.",PRK,"Total reserves (includes gold, current US$)",FI.RES.TOTL.CD,,,,,,,,,,,,,,,,,,,,,,,
Portugal,PRT,"Total reserves (includes gold, current US$)",FI.RES.TOTL.CD,14262113157,15060281506,17700956382,12813462308,11684065091,10364170168,9882747256,11512068377,12006451709,15781930171,20936757462,20801304307,22658232426,17589253885,19700737012,19402623792,24989773865,26096701287,24920338987,25002862228,29459811843,32535115418,32231572059
Paraguay,PRY,"Total reserves (includes gold, current US$)",FI.RES.TOTL.CD,772414513.8,723168663.9,641167536.8,983433631.4,1168046779,1297088538,1702147179,2461472077,2863012062,3861718923,4166639316,4982545969,4994947873,5872875218,6986586469,5938523047,6880868044,7877536166,7697884446,7717366751,9202411639,9661226173,9518826117
West Bank and Gaza,PSE,"Total reserves (includes gold, current US$)",FI.RES.TOTL.CD,,,,,,,314081277.7,354784633.9,509535838.8,498173298.1,531755697.1,498047447.6,664041719.5,685224934.3,672378108.5,580939642.2,312800333.7,446349334.4,537846124.6,658352116.3,697074683.3,872540971,896900000
Pacific island small states,PSS,"Total reserves (includes gold, current US$)",FI.RES.TOTL.CD,,,,,,,,,,,,,,,,,,,,,,,
Post-demographic dividend,PST,"Total reserves (includes gold, current US$)",FI.RES.TOTL.CD,,,,,,,,,,,,,,,,,,,,,,,
French Polynesia,PYF,"Total reserves (includes gold, current US$)",FI.RES.TOTL.CD,,,,,,,,,,,,,,,,,,,,,,,
Qatar,QAT,"Total reserves (includes gold, current US$)",FI.RES.TOTL.CD,1163240535,1317979112,1573357087,2952140936,3414202841,4552170762,5394808792,9749045696,9996578244,18803758798,31181698263,16809490743,33185072530,42082172538,43215459718,37257529105,31887349773,15007730965,30358280804,39718464943,40972506521,42212542110,47389335670
Romania,ROU,"Total reserves (includes gold, current US$)",FI.RES.TOTL.CD,3395672575,4857637361,7285846580,9449445049,16095478768,21601177535,30206004059,39974195969,39768375684,44383053890,48047830953,48044368559,46711176510,48827640846,43186336128,38700983241,39953479393,44429296937,42129061938,42006529634,52190562712,51885588481,55810109299
Russian Federation,RUS,"Total reserves (includes gold, current US$)",FI.RES.TOTL.CD,27656266696,36302524269,48325637167,78409347971,1.26258E+11,1.82272E+11,3.03773E+11,4.78822E+11,4.26279E+11,4.39342E+11,4.79222E+11,4.9741E+11,5.37816E+11,5.09692E+11,3.86216E+11,3.68043E+11,3.77052E+11,4.32731E+11,4.68645E+11,5.55179E+11,5.9677E+11,6.32242E+11,
Rwanda,RWA,"Total reserves (includes gold, current US$)",FI.RES.TOTL.CD,190641890.7,212109512.5,243728532.5,214698552.3,314640045.5,256882287.2,381762789.7,783926885.4,769313046.8,1009885490,806395756,717579235.8,474675026,654177583.5,945126111.2,917498055.1,1013356070,1178765818,1355058758,1464873538,1806068099,1894963804,1749374899
South Asia,SAS,"Total reserves (includes gold, current US$)",FI.RES.TOTL.CD,,,,,,,,,,,,,,,,,,,,,,,
Saudi Arabia,SAU,"Total reserves (includes gold, current US$)",FI.RES.TOTL.CD,20846854711,18866525322,22185731358,24537673815,29303891020,1.57387E+11,2.28957E+11,3.09287E+11,4.51279E+11,4.20984E+11,4.59313E+11,5.56571E+11,6.7374E+11,7.37796E+11,7.44441E+11,6.2699E+11,5.47267E+11,5.09457E+11,5.09469E+11,5.14963E+11,4.72851E+11,4.7389E+11,4.78232E+11
Sudan,SDN,"Total reserves (includes gold, current US$)",FI.RES.TOTL.CD,137814239.3,49736273.16,248935516.5,529445721.9,1337996808,1868587866,1659926272,1377921603,1399041060,1094176669,1036244171,192529339.7,192632614.7,192956941.6,181457169,173516490.9,168284353.1,177933851.8,,,,,
Senegal,SEN,"Total reserves (includes gold, current US$)",FI.RES.TOTL.CD,,,,,,,,,,,,,,,,,,,,,,,
Singapore,SGP,"Total reserves (includes gold, current US$)",FI.RES.TOTL.CD,81084978989,76599880561,83413380412,97742808490,1.14161E+11,1.18061E+11,1.38653E+11,1.66161E+11,1.77543E+11,1.92046E+11,2.3126E+11,2.43798E+11,2.6591E+11,2.77798E+11,2.61583E+11,2.51876E+11,2.51058E+11,2.85E+11,2.92716E+11,2.85478E+11,3.69834E+11,4.25098E+11,2.96629E+11
Solomon Islands,SLB,"Total reserves (includes gold, current US$)",FI.RES.TOTL.CD,32044869.28,18070277.35,18687274.55,37005791.6,79812571.62,94825566.29,104075013.5,120530168.4,88829534.57,145987707.5,265834982.9,412272152.6,498913804.2,520474136.8,495902580.3,519562129.9,513960963.3,574230569.1,617115407.1,571632111.1,660995997.3,694515407.8,
Sierra Leone,SLE,"Total reserves (includes gold, current US$)",FI.RES.TOTL.CD,49207274.42,51311629.27,84690145.25,66617191.35,125104244.4,170505508.4,183927216.1,216555180.8,220167661.3,404964508.6,408971756.3,439130952.9,477987067.7,532538016.7,600784544.1,579013520.6,497242646.7,549121050.9,501210759.6,530137881.5,707703898.1,945907747.2,624641033.9
El Salvador,SLV,"Total reserves (includes gold, current US$)",FI.RES.TOTL.CD,1901335075,1723445185,1633634983,1986451866,1935975150,1851759755,1970971557,2302871089,2644386459,3120881836,2881775239,2493022512,3176161720,2744899176,2693299223,2786587496,3238334349,3567268276,3568810598,4445830633,3082859548,3426052270,
San Marino,SMR,"Total reserves (includes gold, current US$)",FI.RES.TOTL.CD,135161372.5,133005013.1,182564953.2,251247772.9,355512155.8,347709671.7,479069768.4,647733471.5,706793198.1,790271922.1,449159685.7,341857697.2,384949652.8,539285341.2,392044349.6,378976114,450983493.5,359153967.4,338919975,473069834.5,781674169.9,954382643.4,
Somalia,SOM,"Total reserves (includes gold, current US$)",FI.RES.TOTL.CD,,,,,,,,,,,,,,,,,,,,,,,
Serbia,SRB,"Total reserves (includes gold, current US$)",FI.RES.TOTL.CD,,,,,,,11888907220,14214276005,11477985606,15227935669,13307506858,15583042920,14402950144,15431775006,12051956986,11344953319,10748918413,11906315333,12874374087,14994710381,16586724161,18616661464,20679650166
Sub-Saharan Africa (excluding high income),SSA,"Total reserves (includes gold, current US$)",FI.RES.TOTL.CD,,,,,,,,,,,,,,,,,,,,,,,
South Sudan,SSD,"Total reserves (includes gold, current US$)",FI.RES.TOTL.CD,,,,,,,,,,,,,1282090260,947810456.6,416808670.1,229880518.4,68159818.64,33820210.96,36396368.2,378281747,183614816.7,,
Sub-Saharan Africa,SSF,"Total reserves (includes gold, current US$)",FI.RES.TOTL.CD,,,,,,,,,,,,,,,,,,,,,,,
Small states,SST,"Total reserves (includes gold, current US$)",FI.RES.TOTL.CD,,,,,,,,,,,,,,,,,,,,,,,
Sao Tome and Principe,STP,"Total reserves (includes gold, current US$)",FI.RES.TOTL.CD,11639663.81,15481933.62,17352535.26,25470020,19503428.32,26702730.98,34181487.47,39331621.05,61292170.22,66659123.45,48170349.07,52125217.79,51587491.14,63787766.58,63523954.98,72864704.99,63203006.42,58950229.5,43683545.12,47148376.74,75287733.68,75017386.46,
Suriname,SUR,"Total reserves (includes gold, current US$)",FI.RES.TOTL.CD,133306155.8,192538818.5,113194031.2,114370366.4,138383053.4,141874019.1,237361004.2,403278663.5,602541474.4,657026656.4,690815612.9,816878191.1,1008868435,778764877.9,625144169.1,330244649.3,381050648.9,424603963.1,580780344.6,647934729.7,584929135.6,992256911.9,1194597644
Slovak Republic,SVK,"Total reserves (includes gold, current US$)",FI.RES.TOTL.CD,4376328677,4453132136,9195618259,12149157812,14911965832,15479863359,13364307419,18973379149,18836137093,1803647039,2155733869,2417985583,2519014758,2152916325,2620751838,2892029440,2879889590,3620878541,5229297355,7168770088,9343714002,9609533729,10280260081
Slovenia,SVN,"Total reserves (includes gold, current US$)",FI.RES.TOTL.CD,3196099146,4397212831,7063482626,8598243636,8899759020,8159730012,7139432999,1065303786,957648182.5,1078161603,1070760883,986893174.5,951915167,922155291.8,1016368871,856213889,742060176.1,889788337.7,933092542,1015426219,1311110696,2266987092,2267946375
Sweden,SWE,"Total reserves (includes gold, current US$)",FI.RES.TOTL.CD,16498728322,15625206245,19170723589,22168538425,24768805295,24867578418,28017219694,31033035734,29727344092,47255415701,48246149256,50213891951,52245310612,65363359246,62579168751,58098544753,59361642625,62191481194,60566144401,55509629820,58260344659,62053165557,64288785008
Eswatini,SWZ,"Total reserves (includes gold, current US$)",FI.RES.TOTL.CD,351794140.7,271776570.2,275844476.9,277512201.6,323561615.6,243897157.3,372529356.2,774192962.8,751935734.7,958869319.5,756344144.8,600507428.8,740960093.3,762540937.8,690755431.1,547997264.1,564314115.6,563119751.3,440685903,440314152.6,545564174.1,572281510.9,452351748.2
Sint Maarten (Dutch part),SXM,"Total reserves (includes gold, current US$)",FI.RES.TOTL.CD,,,,,,,,,,,,,,,,,,,,,,,
Seychelles,SYC,"Total reserves (includes gold, current US$)",FI.RES.TOTL.CD,43752074.05,37133887.92,69794569.43,67387802,34591085.97,56244154.3,112923278.4,40768609.4,63833877.52,190546677.6,255584702.6,279115074,308093541.2,425902438.9,465010215.6,536145674.4,523503786.9,545203276.4,549521831.7,580545515.1,559681941.8,702584737.7,638960849.8
Syrian Arab Republic,SYR,"Total reserves (includes gold, current US$)",FI.RES.TOTL.CD,354635059.4,356737907.5,411551015,473633099.2,547669436,17774179270,16996900531,17707471674,17783782584,18300334790,20631907297,,,,,,,,,,,,
Turks and Caicos Islands,TCA,"Total reserves (includes gold, current US$)",FI.RES.TOTL.CD,,,,,,,,,,,,,,,,,,,,,,,
Chad,TCD,"Total reserves (includes gold, current US$)",FI.RES.TOTL.CD,113752750.3,125450913.5,222510578.7,191745202.6,226603535.3,231282856.2,632157876.9,964338637,1355146208,616701392.1,632405291.3,951097160.6,1155659287,1183031944,1075906115,368916823.8,8184292.088,8575237.415,147750165.9,310032032.9,390675163.1,211590754.9,
East Asia & Pacific (IDA & IBRD countries),TEA,"Total reserves (includes gold, current US$)",FI.RES.TOTL.CD,,,,,,,,,,,,,,,,,,,,,,,
Europe & Central Asia (IDA & IBRD countries),TEC,"Total reserves (includes gold, current US$)",FI.RES.TOTL.CD,,,,,,,,,,,,,,,,,,,,,,,
Togo,TGO,"Total reserves (includes gold, current US$)",FI.RES.TOTL.CD,,,,,,,,,,,,,,,,,,,,,,,
Thailand,THA,"Total reserves (includes gold, current US$)",FI.RES.TOTL.CD,32665494240,33040506130,38903305774,42161780760,49846608742,52075784294,67007805168,87472466803,1.11009E+11,1.38419E+11,1.72028E+11,1.74891E+11,1.81481E+11,1.6723E+11,1.57163E+11,1.5646E+11,1.71772E+11,2.02538E+11,2.05641E+11,2.24356E+11,2.58104E+11,2.46025E+11,2.16501E+11
Tajikistan,TJK,"Total reserves (includes gold, current US$)",FI.RES.TOTL.CD,94280831.93,94282905.71,89508809.94,117567950.1,172081994.8,188914218.3,203823197.2,85217536.02,163514355,254940310.8,403106833.9,518942135.2,630690451.2,661311872.5,512645031.2,493391433,644763434.4,1291955731,1284070863,1466304531,2238305810,2498779540,3847356746
Turkmenistan,TKM,"Total reserves (includes gold, current US$)",FI.RES.TOTL.CD,,,,,,,,,,,,,,,,,,,,,,,
Latin America & the Caribbean (IDA & IBRD countries),TLA,"Total reserves (includes gold, current US$)",FI.RES.TOTL.CD,,,,,,,,,,,,,,,,,,,,,,,
Timor-Leste,TLS,"Total reserves (includes gold, current US$)",FI.RES.TOTL.CD,,,43468355.21,61303449.37,182433882,153299848.3,83755117.64,230271660.4,210423736.9,249928530.8,406188384,461610881,883551410.8,686998202.8,311471064.6,437752181,280953720.7,544434361,673903564.7,656221032.7,656523631.7,934780578.6,
Middle East & North Africa (IDA & IBRD countries),TMN,"Total reserves (includes gold, current US$)",FI.RES.TOTL.CD,,,,,,,,,,,,,,,,,,,,,,,
Tonga,TON,"Total reserves (includes gold, current US$)",FI.RES.TOTL.CD,24642268.21,23759782.49,25120530.75,39771012.59,55262356.51,46864163.23,47972473.6,65238721.72,69753902.85,95702573.86,104527450.9,143294510.4,152403989.2,155520937.7,158784814.4,156107668.8,176497315.5,198522418.4,215149318.6,218448401.8,298947629.8,361811847.8,375564012.9
South Asia (IDA & IBRD),TSA,"Total reserves (includes gold, current US$)",FI.RES.TOTL.CD,,,,,,,,,,,,,,,,,,,,,,,
Sub-Saharan Africa (IDA & IBRD countries),TSS,"Total reserves (includes gold, current US$)",FI.RES.TOTL.CD,,,,,,,,,,,,,,,,,,,,,,,
Trinidad and Tobago,TTO,"Total reserves (includes gold, current US$)",FI.RES.TOTL.CD,1402802249,1923855112,2048593954,2476582262,3195021782,4992257912,6607231897,6745220698,9478682839,8823426554,9180991460,9980126114,9370784004,10176864834,11493196341,9927294619,9464961137,8369757249,7575050349,6928951714,6953756951,6879594622,6832392605
Tunisia,TUN,"Total reserves (includes gold, current US$)",FI.RES.TOTL.CD,1871427065,2049572901,2364944046,3036243872,4031139050,4548431874,6911623380,8032361912,9038905599,11294387681,9764265037,7785305507,8717830201,7550027500,7498010303,7559201960,6137077790,6143986080,5661370259,7919981405,9810630875,8845557076,8094326709
Turkiye,TUR,"Total reserves (includes gold, current US$)",FI.RES.TOTL.CD,23514529510,19911331847,28348030217,35548509276,37304121309,52493941950,63264841174,76496127491,73674684816,74933099954,85959461666,87937253858,1.19183E+11,1.31054E+11,1.27422E+11,1.1049E+11,1.04811E+11,1.07657E+11,92997230041,1.0562E+11,93511562720,1.09535E+11,
Tuvalu,TUV,"Total reserves (includes gold, current US$)",FI.RES.TOTL.CD,,,,,,,,,,,,,,,,,,,,,,,
Tanzania,TZA,"Total reserves (includes gold, current US$)",FI.RES.TOTL.CD,994821489.5,1177357652,1554545483,2038411251,2295701466,2048775519,2259345786,2886381414,2862895993,3470413229,3904676572,3726158402,4052224338,4673729809,4390430241,4080762378,4350687048,5887869885,5049646420,,,,
Uganda,UGA,"Total reserves (includes gold, current US$)",FI.RES.TOTL.CD,808042388.8,983357419,934009575.9,1080256630,1308101595,1344201157,1810879486,2559789964,2300539405,2994459465,2706005010,2617450463,3167158060,3337539363,3316363815,2908876773,3097848070,3720863721,3358514650,,,,
Ukraine,UKR,"Total reserves (includes gold, current US$)",FI.RES.TOTL.CD,1477202336,3088921703,4462353859,6946076994,9718436096,19388177691,22359564313,32483841813,31543343237,26500887342,34571298928,31788750907,24552796497,20413621999,7538804512,13300880765,15537256304,18810931197,20817897004,25317002927,29137541200,30966674654,28505931892
Upper middle income,UMC,"Total reserves (includes gold, current US$)",FI.RES.TOTL.CD,,,,,,,,,,,,,,,,,,,,,,,
Uruguay,URY,"Total reserves (includes gold, current US$)",FI.RES.TOTL.CD,2775536525,3099292334,772025423.6,2086675965,2512109312,3078376702,3090608692,4121414263,6360194479,8037871916,7655538209,10301678593,13604619914,16280547229,17554713318,15633854333,13471669447,15959345501,15556520867,14504021741,16250371651,16962770287,15126762058
United States,USA,"Total reserves (includes gold, current US$)",FI.RES.TOTL.CD,1.284E+11,1.30077E+11,1.57763E+11,1.84024E+11,1.90465E+11,1.88259E+11,2.21089E+11,2.77549E+11,2.94046E+11,4.04099E+11,4.88929E+11,5.37267E+11,5.74268E+11,4.48509E+11,4.34416E+11,3.83728E+11,4.05942E+11,4.51285E+11,4.49907E+11,5.16701E+11,6.2837E+11,7.16152E+11,7.06644E+11
Uzbekistan,UZB,"Total reserves (includes gold, current US$)",FI.RES.TOTL.CD,,,,,,,,,,,,,,22501939341,24195780634,24287333270,26284410687,28070940955,27077105981,29291325502,34903111839,35375443900,35773956818
St. Vincent and the Grenadines,VCT,"Total reserves (includes gold, current US$)",FI.RES.TOTL.CD,55179038.17,61439397.12,53198488.5,51191684.05,74981667.14,69511994.42,78691580.85,86976851.96,83690185.43,87815455.43,112702057.9,89626356.91,111021926.1,135096711.2,157371371.5,166009602.2,192255789.8,182046079.2,169562298.9,193357067.4,205195146.8,311902935,320193327.2
"Venezuela, RB",VEN,"Total reserves (includes gold, current US$)",FI.RES.TOTL.CD,15898851163,12264400223,12106510811,20820560021,23408050057,29802940548,36715128120,33759218865,43065463087,34317956994,29665473906,27934651459,29468789163,20275216409,21454894042,15625329212,10150000484,9794062065,,,,,
British Virgin Islands,VGB,"Total reserves (includes gold, current US$)",FI.RES.TOTL.CD,,,,,,,,,,,,,,,,,,,,,,,
Virgin Islands (U.S.),VIR,"Total reserves (includes gold, current US$)",FI.RES.TOTL.CD,,,,,,,,,,,,,,,,,,,,,,,
Vietnam,VNM,"Total reserves (includes gold, current US$)",FI.RES.TOTL.CD,3416511105,3674565623,4121051661,6224181088,7041460610,9050561631,13384067982,23479392780,23890250550,16447104124,12466600611,13539119001,25573282232,25893489673,34189368833,28250254960,36527291044,49075567812,55452622583,78334835183,94833616150,1.09371E+11,
Vanuatu,VUT,"Total reserves (includes gold, current US$)",FI.RES.TOTL.CD,38922820.48,37658099.72,36521984.8,43816496.33,61813729.42,67197553.93,104661394.5,119623134.4,115230050,148612899.9,161382135.4,173789321.6,182228490.8,179199339.3,183998594.9,269167136.2,267345975.9,395101633.9,420592370.2,511546284.1,613636752.1,664751367.3,
World,WLD,"Total reserves (includes gold, current US$)",FI.RES.TOTL.CD,,,,,,,,,,,,,,,,,,,,,,,
Samoa,WSM,"Total reserves (includes gold, current US$)",FI.RES.TOTL.CD,63657900.6,56635259.67,62493668.52,83909636.53,86133747.28,77256900.75,75906873.47,90264699.1,81946109.98,144476857.5,173039792.8,128020438.7,128350848.6,128930588.6,101674433.3,112244941,88868313.16,123656063,162559147.9,177244065.9,277056415.2,294681800.1,321163283.7
Kosovo,XKX,"Total reserves (includes gold, current US$)",FI.RES.TOTL.CD,57409059,261071775,353572354,535598272,423533771,328569606,471097660,959856438,932825224,830415016.3,813352079.5,717327041.2,958335407.2,956742703,783153103.8,770550134.5,637797614.5,819582674.4,881167306.2,965831893.2,1095367617,1244319385,1247751320
"Yemen, Rep.",YEM,"Total reserves (includes gold, current US$)",FI.RES.TOTL.CD,2913976401,3671925616,4427672645,5007811168,5686685058,6141048032,7543297619,7757119856,8154861549,6989929591,5938628775,4525488820,6150781008,5344296755,4357504077,1442757094,877442199.5,704391487.2,2333656100,1413929210,946047183.9,,
South Africa,ZAF,"Total reserves (includes gold, current US$)",FI.RES.TOTL.CD,7702061132,7626856919,7816784858,8154089033,14886243628,20624460695,25593361431,32919403651,34070371607,39602644576,43819545749,48748260246,50688078405,49708174894,49121568380,45887065757,47180127301,50722891363,51642041967,55055893657,55008491996,57597149617,60553113006
Zambia,ZMB,"Total reserves (includes gold, current US$)",FI.RES.TOTL.CD,244824131.8,183446871.7,535132846.1,247729406.9,337106225,559788508.3,719716911.6,1089952023,1095608609,1892077713,2093753266,2324018127,3042223849,2683813403,3078362297,2967626716,2352719004,2082083920,1569229906,1448624290,1203448374,2753875454,2967565317
Zimbabwe,ZWE,"Total reserves (includes gold, current US$)",FI.RES.TOTL.CD,321301858.3,119459329.3,131685657.8,136092039.4,234290933.9,97191584.48,154593586.7,163198334.2,81875982.84,821891030,731779021.6,660229297.3,575552811.1,474968710.1,363832802.4,434586085.9,407193244.1,292621249.1,86951094.03,151240506.9,33405021.01,838780244.6,590816869.9
